idCollect,accx,accy,accz,rmsx,rmsy,rmsz,temp,data,Gateway_idGateway,Place_idPlace,status
17035,0.59912109375,0.984130859375,0.451171875,0.162841796875,0.281982421875,1.0087890625,41.091764705882355,2019-06-15 19:09:57,1,1,0
17036,0.6259765625,1.066650390625,0.440185546875,0.1937255859375,0.33984375,1.0411376953125,41.04176470588236,2019-06-15 19:10:57,1,1,0
17037,0.66748046875,1.17578125,0.4052734375,0.1893310546875,0.3037109375,1.010009765625,40.947647058823534,2019-06-15 19:12:00,1,1,0
17038,0.37451171875,1.126953125,0.450439453125,0.1444091796875,0.2987060546875,1.0118408203125,40.941764705882356,2019-06-15 19:13:59,1,1,0
17039,0.587646484375,1.500244140625,0.41552734375,0.18212890625,0.3380126953125,1.003173828125,40.95058823529412,2019-06-15 19:14:57,1,1,0
17040,0.679443359375,0.921630859375,0.340087890625,0.18701171875,0.2230224609375,0.9859619140625,41.03,2019-06-15 19:15:59,1,1,0
17041,0.535400390625,1.098876953125,0.48388671875,0.1497802734375,0.28466796875,1.0389404296875,41.1064705882353,2019-06-15 19:16:58,1,1,0
17042,0.5654296875,1.364501953125,0.403076171875,0.156005859375,0.309814453125,0.9879150390625,41.191764705882356,2019-06-15 19:17:59,1,1,0
17043,0.656982421875,1.2548828125,0.55078125,0.1661376953125,0.3714599609375,0.9581298828125,41.29470588235294,2019-06-15 19:18:59,1,1,0
17044,0.75,0.86767578125,0.4326171875,0.2283935546875,0.216552734375,1.020751953125,41.38294117647059,2019-06-15 19:19:57,1,1,0
17045,0.8173828125,1.00146484375,0.258056640625,0.2042236328125,0.2403564453125,0.99169921875,41.39764705882353,2019-06-15 19:21:01,1,1,0
17046,0.65234375,1.096435546875,0.44970703125,0.198974609375,0.28076171875,1.0025634765625,41.43882352941176,2019-06-15 19:21:57,1,1,0
17047,0.75341796875,1.06494140625,0.48876953125,0.18994140625,0.277099609375,0.9903564453125,41.52411764705882,2019-06-15 19:23:57,1,1,0
17048,0.595703125,1.071533203125,0.455078125,0.158203125,0.3428955078125,0.947021484375,41.58882352941177,2019-06-15 19:24:57,1,1,0
17049,0.521728515625,1.2470703125,0.39453125,0.1644287109375,0.2579345703125,0.97998046875,41.7064705882353,2019-06-15 19:25:57,1,1,0
17050,0.4755859375,1.05517578125,0.564208984375,0.1700439453125,0.2503662109375,1.0020751953125,41.768235294117645,2019-06-15 19:26:57,1,1,0
17051,0.4873046875,1.237548828125,0.494873046875,0.1458740234375,0.3443603515625,0.958740234375,41.88294117647059,2019-06-15 19:27:58,1,1,0
17052,0.564697265625,0.985595703125,0.43408203125,0.1573486328125,0.2728271484375,0.9560546875,41.96529411764706,2019-06-15 19:28:59,1,1,0
17053,0.68359375,1.259765625,0.44482421875,0.167724609375,0.3197021484375,1.0301513671875,42.04176470588236,2019-06-15 19:29:57,1,1,0
17054,0.43310546875,1.228759765625,0.5439453125,0.145263671875,0.3511962890625,0.965576171875,42.03,2019-06-15 19:30:58,1,1,0
17055,0.611328125,1.013427734375,0.42529296875,0.16796875,0.2603759765625,0.976806640625,42.00941176470588,2019-06-15 19:31:57,1,1,0
17056,0.518310546875,1.302490234375,0.504638671875,0.141357421875,0.3287353515625,0.9344482421875,42.05058823529412,2019-06-15 19:35:00,1,1,0
17057,0.49169921875,1.1669921875,0.4111328125,0.147216796875,0.2725830078125,1.0003662109375,42.1064705882353,2019-06-15 19:36:00,1,1,0
17058,0.56884765625,1.050537109375,0.52099609375,0.1790771484375,0.3355712890625,1.0438232421875,42.09470588235294,2019-06-15 19:36:58,1,1,0
17059,0.67724609375,1.0439453125,0.44677734375,0.1881103515625,0.248779296875,1.0347900390625,42.09764705882353,2019-06-15 19:38:01,1,1,0
17060,0.676513671875,0.90771484375,0.43798828125,0.17333984375,0.311767578125,0.9783935546875,42.07705882352941,2019-06-15 19:38:58,1,1,0
17061,0.582763671875,1.02392578125,0.46826171875,0.17578125,0.2735595703125,1.0286865234375,41.994705882352946,2019-06-15 19:39:59,1,1,0
17062,0.562255859375,0.857421875,0.43505859375,0.1304931640625,0.29833984375,0.9544677734375,41.97705882352941,2019-06-15 19:40:57,1,1,0
17063,0.682861328125,1.26220703125,0.606689453125,0.1683349609375,0.3861083984375,0.98681640625,41.96235294117647,2019-06-15 19:41:57,1,1,0
17064,0.538330078125,0.72265625,0.39208984375,0.1810302734375,0.191650390625,0.968505859375,41.94470588235294,2019-06-15 19:42:58,1,1,0
17065,0.6982421875,0.920166015625,0.588134765625,0.218994140625,0.2298583984375,1.017578125,41.93294117647059,2019-06-15 19:43:57,1,1,0
17066,0.5927734375,0.9951171875,0.41796875,0.14306640625,0.29150390625,0.9556884765625,41.91529411764706,2019-06-15 19:44:57,1,1,0
17067,0.623046875,0.759033203125,0.4345703125,0.1549072265625,0.207763671875,0.9368896484375,41.93,2019-06-15 19:45:57,1,1,0
17068,0.5771484375,0.971435546875,0.5087890625,0.130859375,0.275634765625,1.016357421875,41.894705882352945,2019-06-15 19:46:59,1,1,0
17069,0.4619140625,0.901123046875,0.304443359375,0.108154296875,0.27294921875,0.9678955078125,41.874117647058824,2019-06-15 19:48:01,1,1,0
17070,0.466796875,0.917724609375,0.3984375,0.1768798828125,0.340087890625,1.0740966796875,41.85058823529412,2019-06-15 19:48:58,1,1,0
17071,0.454833984375,0.843994140625,0.378173828125,0.1544189453125,0.2412109375,1.052001953125,41.83588235294118,2019-06-15 19:49:58,1,1,0
17072,0.532470703125,1.169921875,0.404296875,0.15771484375,0.2926025390625,1.0147705078125,41.78588235294118,2019-06-15 19:51:00,1,1,0
17073,0.5888671875,0.9091796875,0.42236328125,0.1549072265625,0.2493896484375,0.9869384765625,41.78588235294118,2019-06-15 19:51:59,1,1,0
17074,0.576416015625,1.107421875,0.318115234375,0.1812744140625,0.2694091796875,0.993408203125,41.78294117647059,2019-06-15 19:53:01,1,1,0
17075,0.58056640625,0.986572265625,0.49365234375,0.171142578125,0.3638916015625,0.9993896484375,41.79764705882353,2019-06-15 19:53:57,1,1,0
17076,0.48779296875,0.744140625,0.502685546875,0.1751708984375,0.1900634765625,0.995361328125,41.788823529411765,2019-06-15 19:54:57,1,1,0
17077,0.532958984375,1.2333984375,0.41748046875,0.143310546875,0.33447265625,0.9698486328125,41.821176470588235,2019-06-15 19:55:57,1,1,0
17078,0.42236328125,0.982666015625,0.30078125,0.1480712890625,0.2767333984375,0.9639892578125,41.80058823529412,2019-06-15 19:57:00,1,1,0
17079,0.6259765625,1.254150390625,0.55908203125,0.17578125,0.3331298828125,0.9813232421875,41.81235294117647,2019-06-15 19:57:58,1,1,0
17080,0.60986328125,1.198974609375,0.4970703125,0.164794921875,0.3035888671875,1.0115966796875,41.788823529411765,2019-06-15 19:58:57,1,1,0
17081,0.57568359375,0.86572265625,0.3515625,0.1295166015625,0.2615966796875,0.9892578125,41.74176470588235,2019-06-15 19:59:57,1,1,0
17082,0.407958984375,0.998779296875,0.33837890625,0.1297607421875,0.24853515625,0.9654541015625,41.75941176470588,2019-06-15 20:01:57,1,1,0
17083,0.733154296875,1.06005859375,0.30810546875,0.1688232421875,0.2215576171875,0.9830322265625,41.74176470588235,2019-06-15 20:04:57,1,1,0
17084,0.557861328125,1.2138671875,0.373779296875,0.147216796875,0.3330078125,0.9869384765625,41.73294117647059,2019-06-15 20:06:02,1,1,0
17085,0.670166015625,1.030029296875,0.470703125,0.1798095703125,0.2803955078125,0.9691162109375,41.730000000000004,2019-06-15 20:06:57,1,1,0
17086,0.4794921875,0.997802734375,0.331787109375,0.132568359375,0.2659912109375,0.9898681640625,41.697647058823534,2019-06-15 20:07:57,1,1,0
17087,0.602294921875,0.9326171875,0.385498046875,0.161865234375,0.2222900390625,1.0369873046875,41.709411764705884,2019-06-15 20:08:57,1,1,0
17088,0.626220703125,1.10546875,0.3017578125,0.20703125,0.256591796875,0.97802734375,41.76529411764706,2019-06-15 20:10:57,1,1,0
17089,0.689697265625,0.991455078125,0.42822265625,0.1685791015625,0.2734375,1.013427734375,41.74764705882353,2019-06-15 20:11:59,1,1,0
17090,0.512451171875,0.72021484375,0.321044921875,0.1331787109375,0.1824951171875,0.978515625,41.75352941176471,2019-06-15 20:13:00,1,1,0
17091,0.42578125,0.972900390625,0.395263671875,0.121826171875,0.26025390625,1.010009765625,41.77117647058824,2019-06-15 20:13:57,1,1,0
17092,0.471435546875,0.796875,0.402587890625,0.1258544921875,0.1878662109375,1.025146484375,41.709411764705884,2019-06-15 20:15:57,1,1,0
17093,0.792724609375,0.715087890625,0.531005859375,0.1968994140625,0.2142333984375,1.0306396484375,41.474117647058826,2019-06-15 20:17:58,1,1,0
17094,0.6455078125,1.1806640625,0.68798828125,0.171630859375,0.3057861328125,1.02685546875,41.32411764705883,2019-06-15 20:18:57,1,1,0
17095,0.802001953125,0.956787109375,0.538818359375,0.2196044921875,0.2783203125,0.98779296875,41.22117647058823,2019-06-15 20:20:00,1,1,0
17096,0.80224609375,1.059814453125,0.340087890625,0.2293701171875,0.27392578125,1.0560302734375,41.18,2019-06-15 20:21:00,1,1,0
17097,0.465576171875,0.946044921875,0.38818359375,0.13916015625,0.2236328125,0.990234375,41.18882352941176,2019-06-15 20:22:01,1,1,0
17098,0.51025390625,1.02685546875,0.2744140625,0.1455078125,0.280029296875,1.0009765625,41.27117647058824,2019-06-15 20:23:57,1,1,0
17099,0.67431640625,0.744873046875,0.53857421875,0.18017578125,0.2633056640625,0.9949951171875,41.28294117647059,2019-06-15 20:24:59,1,1,0
17100,0.5,1.07958984375,0.363037109375,0.1474609375,0.31103515625,0.9906005859375,41.315294117647056,2019-06-15 20:25:59,1,1,0
17101,0.504150390625,1.040771484375,0.412353515625,0.15625,0.259521484375,1.025634765625,41.35941176470588,2019-06-15 20:27:57,1,1,0
17102,0.518310546875,1.016845703125,0.474853515625,0.1683349609375,0.2596435546875,1.001220703125,41.42411764705882,2019-06-15 20:28:58,1,1,0
17103,0.76025390625,1.01953125,0.59716796875,0.1666259765625,0.23583984375,1.0045166015625,41.53,2019-06-15 20:31:58,1,1,0
17104,0.617431640625,0.945068359375,0.537841796875,0.1903076171875,0.267822265625,0.9847412109375,41.53588235294118,2019-06-15 20:34:00,1,1,0
17105,0.5966796875,1.0283203125,0.385986328125,0.150146484375,0.2509765625,0.9737548828125,41.50941176470588,2019-06-15 20:34:57,1,1,0
17106,0.559814453125,1.063720703125,0.30517578125,0.153564453125,0.253173828125,0.9969482421875,41.50941176470588,2019-06-15 20:37:00,1,1,0
17107,0.63427734375,0.93994140625,0.4091796875,0.1654052734375,0.2950439453125,1.01953125,41.54764705882353,2019-06-15 20:38:57,1,1,0
17108,0.537841796875,1.00537109375,0.526611328125,0.1650390625,0.264404296875,0.9554443359375,41.52411764705882,2019-06-15 20:39:57,1,1,0
17109,0.555908203125,1.207275390625,0.3408203125,0.1522216796875,0.351806640625,0.9947509765625,41.53294117647059,2019-06-15 20:40:58,1,1,0
17110,0.579833984375,0.911865234375,0.596923828125,0.171630859375,0.225830078125,1.0067138671875,41.50352941176471,2019-06-15 20:41:59,1,1,0
17111,0.51611328125,0.988037109375,0.55224609375,0.155029296875,0.25439453125,1.02294921875,41.53,2019-06-15 20:42:57,1,1,0
17112,0.689697265625,1.115234375,0.36572265625,0.1787109375,0.2730712890625,1.04345703125,41.527058823529416,2019-06-15 20:43:57,1,1,0
17113,0.68701171875,1.112548828125,0.536865234375,0.18505859375,0.281005859375,0.96875,41.459411764705884,2019-06-15 20:45:59,1,1,0
17114,0.683349609375,0.859130859375,0.245361328125,0.1695556640625,0.2196044921875,0.957763671875,41.50941176470588,2019-06-15 20:46:57,1,1,0
17115,0.512451171875,0.71484375,0.37646484375,0.139892578125,0.2166748046875,0.984130859375,41.441764705882356,2019-06-15 20:48:01,1,1,0
17116,0.663330078125,0.966796875,0.402099609375,0.1734619140625,0.3265380859375,1.0205078125,41.45058823529412,2019-06-15 20:48:58,1,1,0
17117,0.8076171875,1.031005859375,0.294921875,0.193359375,0.32177734375,1.04638671875,41.459411764705884,2019-06-15 20:49:58,1,1,0
17118,0.903076171875,0.96630859375,0.43701171875,0.2081298828125,0.31298828125,1.013427734375,41.41529411764706,2019-06-15 20:50:58,1,1,0
17119,0.742919921875,1.2607421875,0.369140625,0.1878662109375,0.4053955078125,1.0159912109375,41.42411764705882,2019-06-15 20:51:57,1,1,0
17120,0.666015625,0.75439453125,0.4228515625,0.2039794921875,0.2132568359375,1.0433349609375,41.400588235294116,2019-06-15 20:52:58,1,1,0
17121,0.5703125,0.96923828125,0.3818359375,0.1719970703125,0.2685546875,1.011962890625,41.41235294117647,2019-06-15 20:54:02,1,1,0
17122,0.688720703125,1.072021484375,0.634765625,0.181640625,0.295654296875,1.0150146484375,41.394705882352945,2019-06-15 20:54:58,1,1,0
17123,0.78125,0.991943359375,0.713623046875,0.1856689453125,0.2657470703125,1.0308837890625,41.30352941176471,2019-06-15 20:55:57,1,1,0
17124,0.585205078125,1.188232421875,0.634033203125,0.157470703125,0.3184814453125,1.041259765625,41.25352941176471,2019-06-15 20:57:58,1,1,0
17125,0.667236328125,1.019775390625,0.37451171875,0.1737060546875,0.2701416015625,1.0250244140625,41.321176470588235,2019-06-15 21:01:00,1,1,0
17126,0.673583984375,0.76904296875,0.393798828125,0.1923828125,0.2080078125,1.0147705078125,41.36529411764706,2019-06-15 21:02:00,1,1,0
17127,0.61474609375,0.955078125,0.5009765625,0.161376953125,0.22021484375,1.03076171875,41.34470588235294,2019-06-15 21:02:58,1,1,0
17128,0.575927734375,0.885986328125,0.419189453125,0.1500244140625,0.2423095703125,0.976318359375,41.30352941176471,2019-06-15 21:03:58,1,1,0
17129,0.45166015625,0.9345703125,0.456298828125,0.1229248046875,0.20361328125,0.9786376953125,41.28294117647059,2019-06-15 21:04:59,1,1,0
17130,0.607421875,1.07275390625,0.68798828125,0.1199951171875,0.2735595703125,0.998291015625,41.224117647058826,2019-06-15 21:05:58,1,1,0
17131,0.696044921875,0.971923828125,0.516357421875,0.1865234375,0.2501220703125,0.9989013671875,41.20058823529412,2019-06-15 21:06:58,1,1,0
17132,0.596435546875,1.2001953125,0.483642578125,0.16162109375,0.327880859375,0.9659423828125,41.10941176470588,2019-06-15 21:07:57,1,1,0
17133,0.8662109375,1.269287109375,0.502685546875,0.2100830078125,0.3087158203125,1.0009765625,40.98882352941177,2019-06-15 21:09:00,1,1,0
17134,0.660400390625,1.069091796875,0.445556640625,0.15673828125,0.2586669921875,1.025146484375,40.83588235294118,2019-06-15 21:10:00,1,1,0
17135,0.645263671875,1.173095703125,0.46728515625,0.177490234375,0.2823486328125,0.9952392578125,40.61235294117647,2019-06-15 21:11:58,1,1,0
17136,0.6689453125,1.119873046875,0.51123046875,0.17431640625,0.3040771484375,1.0245361328125,40.55058823529412,2019-06-15 21:12:57,1,1,0
17137,0.648193359375,0.788818359375,0.4150390625,0.171875,0.2218017578125,1.0400390625,40.49176470588235,2019-06-15 21:14:01,1,1,0
17138,0.5732421875,1.06689453125,0.47412109375,0.1710205078125,0.290283203125,0.980712890625,40.43588235294118,2019-06-15 21:14:58,1,1,0
17139,0.6865234375,1.10595703125,0.464111328125,0.1697998046875,0.319091796875,0.9818115234375,40.42411764705882,2019-06-15 21:15:58,1,1,0
17140,0.609619140625,1.09033203125,0.43603515625,0.15087890625,0.2637939453125,1.0247802734375,40.35941176470588,2019-06-15 21:16:58,1,1,0
17141,0.494384765625,1.1474609375,0.38623046875,0.1717529296875,0.316650390625,0.9620361328125,40.35941176470588,2019-06-15 21:17:57,1,1,0
17142,0.647705078125,1.04150390625,0.439697265625,0.1793212890625,0.2578125,1.0355224609375,40.341764705882355,2019-06-15 21:19:01,1,1,0
17143,0.586181640625,0.99609375,0.37744140625,0.1678466796875,0.2921142578125,1.0255126953125,40.31235294117647,2019-06-15 21:21:00,1,1,0
17144,0.649169921875,0.7880859375,0.49169921875,0.170654296875,0.2398681640625,1.01806640625,40.230000000000004,2019-06-15 21:22:01,1,1,0
17145,0.733642578125,0.9873046875,0.410888671875,0.187255859375,0.24560546875,1.010498046875,40.224117647058826,2019-06-15 21:23:01,1,1,0
17146,0.5869140625,1.010498046875,0.441650390625,0.1669921875,0.3018798828125,0.9736328125,40.21235294117647,2019-06-15 21:23:58,1,1,0
17147,0.72412109375,1.1298828125,0.53466796875,0.1917724609375,0.2698974609375,0.9705810546875,40.28294117647059,2019-06-15 21:24:57,1,1,0
17148,0.423095703125,1.06201171875,0.635498046875,0.130615234375,0.3079833984375,1.0146484375,40.400588235294116,2019-06-15 21:25:57,1,1,0
17149,0.61083984375,1.2490234375,0.546875,0.150390625,0.3521728515625,0.9586181640625,40.527058823529416,2019-06-15 21:26:58,1,1,0
17150,0.7490234375,1.134033203125,0.35693359375,0.2166748046875,0.259033203125,1.00732421875,40.644705882352945,2019-06-15 21:27:59,1,1,0
17151,0.648193359375,0.88720703125,0.508056640625,0.1717529296875,0.273681640625,0.94189453125,40.71823529411765,2019-06-15 21:28:58,1,1,0
17152,0.567138671875,1.147705078125,0.3896484375,0.1402587890625,0.300537109375,0.9827880859375,40.815294117647056,2019-06-15 21:29:58,1,1,0
17153,0.583251953125,0.9833984375,0.43310546875,0.1693115234375,0.297607421875,1.0032958984375,40.874117647058824,2019-06-15 21:30:57,1,1,0
17154,0.70556640625,1.006591796875,0.31982421875,0.2225341796875,0.2879638671875,1.0455322265625,40.91823529411765,2019-06-15 21:31:58,1,1,0
17155,0.835205078125,0.885009765625,0.34619140625,0.1771240234375,0.2698974609375,1.00146484375,40.96529411764706,2019-06-15 21:32:57,1,1,0
17156,0.91650390625,1.2880859375,0.598876953125,0.236083984375,0.32470703125,1.0240478515625,41.00941176470588,2019-06-15 21:35:00,1,1,0
17157,0.44580078125,0.5263671875,0.29833984375,0.1298828125,0.1387939453125,0.966796875,41.07411764705883,2019-06-15 21:35:58,1,1,0
17158,0.538330078125,1.06201171875,0.712890625,0.1541748046875,0.280029296875,0.99853515625,41.091764705882355,2019-06-15 21:37:58,1,1,0
17159,0.5693359375,1.00341796875,0.464111328125,0.1610107421875,0.2833251953125,0.9505615234375,41.08294117647059,2019-06-15 21:38:57,1,1,0
17160,0.41796875,1.006591796875,0.67431640625,0.1163330078125,0.2977294921875,0.9940185546875,41.059411764705885,2019-06-15 21:39:59,1,1,0
17161,0.81005859375,0.9921875,0.46484375,0.2086181640625,0.228515625,0.9852294921875,41.059411764705885,2019-06-15 21:42:58,1,1,0
17162,0.4638671875,1.12841796875,0.52392578125,0.1124267578125,0.2332763671875,0.9989013671875,41.071176470588235,2019-06-15 21:43:58,1,1,0
17163,0.745361328125,0.926513671875,0.553466796875,0.1920166015625,0.28564453125,0.9866943359375,41.06235294117647,2019-06-15 21:44:59,1,1,0
17164,0.6396484375,1.097412109375,0.442138671875,0.20361328125,0.2818603515625,0.9541015625,41.04764705882353,2019-06-15 21:45:58,1,1,0
17165,0.7412109375,1.145751953125,0.5771484375,0.1748046875,0.31640625,0.9915771484375,41.038823529411765,2019-06-15 21:46:58,1,1,0
17166,0.895751953125,1.25,0.58251953125,0.2529296875,0.4119873046875,1.048095703125,40.99176470588235,2019-06-15 21:47:59,1,1,0
17167,0.785400390625,1.25439453125,0.47265625,0.1934814453125,0.3702392578125,1.0345458984375,41.012352941176474,2019-06-15 21:48:58,1,1,0
17168,0.60498046875,0.978759765625,0.29052734375,0.15478515625,0.1993408203125,1.02197265625,41.02411764705882,2019-06-15 21:50:59,1,1,0
17169,0.611328125,0.815185546875,0.501220703125,0.198486328125,0.2276611328125,0.9842529296875,41.065294117647056,2019-06-15 21:53:00,1,1,0
17170,0.75,0.83544921875,0.455322265625,0.2108154296875,0.2593994140625,0.9708251953125,41.059411764705885,2019-06-15 21:53:58,1,1,0
17171,0.69287109375,1.111572265625,0.510009765625,0.1612548828125,0.25048828125,0.97998046875,41.10941176470588,2019-06-15 21:54:58,1,1,0
17172,0.66796875,1.413330078125,0.458740234375,0.1937255859375,0.3408203125,0.9869384765625,41.091764705882355,2019-06-15 21:55:58,1,1,0
17173,0.534423828125,0.97265625,0.416015625,0.15869140625,0.274658203125,1.0408935546875,41.13,2019-06-15 21:57:59,1,1,0
17174,0.540283203125,0.92724609375,0.4296875,0.1451416015625,0.3037109375,0.9254150390625,41.11235294117647,2019-06-15 21:58:59,1,1,0
17175,0.579833984375,1.1162109375,0.4560546875,0.1627197265625,0.30517578125,0.9898681640625,41.059411764705885,2019-06-15 21:59:59,1,1,0
17176,0.427978515625,0.7421875,0.437255859375,0.124755859375,0.1741943359375,1.02099609375,41.07705882352941,2019-06-15 22:00:59,1,1,0
17177,0.77734375,0.87353515625,0.46240234375,0.2047119140625,0.2747802734375,1.0260009765625,41.04470588235294,2019-06-15 22:03:04,1,1,0
17178,0.619873046875,1.1689453125,0.384033203125,0.19580078125,0.3104248046875,0.995849609375,41.018235294117645,2019-06-15 22:03:59,1,1,0
17179,0.6875,1.204345703125,0.58984375,0.1822509765625,0.294921875,0.99951171875,40.98882352941177,2019-06-15 22:04:58,1,1,0
17180,0.669921875,1.193603515625,0.56396484375,0.18310546875,0.284423828125,0.99365234375,40.99176470588235,2019-06-15 22:06:00,1,1,0
17181,0.645751953125,1.355712890625,0.46923828125,0.1397705078125,0.3040771484375,1.00927734375,40.97117647058823,2019-06-15 22:07:01,1,1,0
17182,0.831298828125,1.0537109375,0.2939453125,0.2279052734375,0.2723388671875,1.0413818359375,40.921176470588236,2019-06-15 22:07:58,1,1,0
17183,0.930419921875,1.014404296875,0.31103515625,0.2626953125,0.3243408203125,1.070556640625,40.927058823529414,2019-06-15 22:08:58,1,1,0
17184,0.756103515625,0.94970703125,0.54638671875,0.194091796875,0.2437744140625,0.99609375,40.89176470588235,2019-06-15 22:11:01,1,1,0
17185,0.59033203125,1.09375,0.365234375,0.14501953125,0.2408447265625,0.97705078125,40.91235294117647,2019-06-15 22:12:00,1,1,0
17186,0.46630859375,0.7392578125,0.599365234375,0.137451171875,0.1976318359375,0.95947265625,40.88294117647059,2019-06-15 22:12:59,1,1,0
17187,0.545166015625,1.062744140625,0.4052734375,0.137939453125,0.2542724609375,1.0048828125,40.93588235294118,2019-06-15 22:14:01,1,1,0
17188,0.429931640625,1.377197265625,0.3349609375,0.1287841796875,0.321044921875,1.02490234375,40.91529411764706,2019-06-15 22:15:00,1,1,0
17189,0.631591796875,1.219482421875,0.37744140625,0.1884765625,0.3038330078125,0.9908447265625,40.953529411764706,2019-06-15 22:16:00,1,1,0
17190,0.9599609375,0.919189453125,0.585693359375,0.23095703125,0.26416015625,1.0650634765625,40.953529411764706,2019-06-15 22:16:58,1,1,0
17191,0.653076171875,1.176513671875,0.379150390625,0.1839599609375,0.281494140625,0.99169921875,40.88588235294118,2019-06-15 22:17:58,1,1,0
17192,0.86376953125,0.979248046875,0.447998046875,0.2579345703125,0.297119140625,1.000244140625,40.941764705882356,2019-06-15 22:18:59,1,1,0
17193,0.5478515625,1.05029296875,0.51220703125,0.172607421875,0.2996826171875,0.99072265625,40.921176470588236,2019-06-15 22:19:59,1,1,0
17194,0.716796875,1.01025390625,0.43701171875,0.1669921875,0.2958984375,1.020263671875,40.91823529411765,2019-06-15 22:20:59,1,1,0
17195,0.604248046875,0.888427734375,0.4501953125,0.1805419921875,0.2158203125,0.9930419921875,40.89764705882353,2019-06-15 22:21:59,1,1,0
17196,0.674560546875,1.000244140625,0.529541015625,0.178955078125,0.2646484375,0.9820556640625,40.894705882352945,2019-06-15 22:22:58,1,1,0
17197,0.31982421875,1.13330078125,0.377197265625,0.11865234375,0.3057861328125,0.968505859375,40.874117647058824,2019-06-15 22:24:00,1,1,0
17198,0.864013671875,1.1513671875,0.316162109375,0.2216796875,0.3447265625,1.00634765625,40.85941176470588,2019-06-15 22:24:58,1,1,0
17199,0.88134765625,0.911376953125,0.50048828125,0.217041015625,0.2637939453125,0.991943359375,40.86529411764706,2019-06-15 22:25:58,1,1,0
17200,1.048095703125,1.177001953125,0.413818359375,0.2265625,0.371826171875,0.9906005859375,40.89176470588235,2019-06-15 22:26:58,1,1,0
17201,0.3408203125,0.955078125,0.58740234375,0.0931396484375,0.251708984375,1.0386962890625,40.86529411764706,2019-06-15 22:27:58,1,1,0
17202,0.6806640625,1.16162109375,0.502685546875,0.16943359375,0.2825927734375,0.990234375,40.92411764705882,2019-06-15 22:28:58,1,1,0
17203,0.720947265625,1.33056640625,0.518310546875,0.165283203125,0.313720703125,0.9632568359375,40.91823529411765,2019-06-15 22:29:58,1,1,0
17204,0.54833984375,0.882080078125,0.531494140625,0.1556396484375,0.266845703125,1.0076904296875,40.953529411764706,2019-06-15 22:30:59,1,1,0
17205,0.693115234375,0.85498046875,0.466064453125,0.185791015625,0.2303466796875,0.965576171875,41.006470588235295,2019-06-15 22:31:58,1,1,0
17206,0.66943359375,0.91943359375,0.431884765625,0.191162109375,0.2166748046875,0.966552734375,40.99764705882353,2019-06-15 22:32:58,1,1,0
17207,0.715576171875,0.871337890625,0.43603515625,0.2044677734375,0.228515625,1.0277099609375,40.96529411764706,2019-06-15 22:34:58,1,1,0
17208,0.927490234375,1.3251953125,0.5048828125,0.247802734375,0.3170166015625,1.024658203125,40.96529411764706,2019-06-15 22:35:59,1,1,0
17209,0.79541015625,1.239501953125,0.491455078125,0.2169189453125,0.3280029296875,1.017333984375,40.959411764705884,2019-06-15 22:36:59,1,1,0
17210,0.685302734375,1.025390625,0.623291015625,0.1964111328125,0.276123046875,1.0450439453125,40.98882352941177,2019-06-15 22:37:58,1,1,0
17211,0.6923828125,1.212158203125,0.50341796875,0.1903076171875,0.3287353515625,0.9732666015625,41.027058823529416,2019-06-15 22:39:00,1,1,0
17212,0.874267578125,0.88134765625,0.585693359375,0.2557373046875,0.25439453125,1.0247802734375,41.018235294117645,2019-06-15 22:40:00,1,1,0
17213,0.781982421875,1.15380859375,0.4521484375,0.1754150390625,0.25244140625,1.0025634765625,41.065294117647056,2019-06-15 22:40:59,1,1,0
17214,0.599609375,0.998046875,0.416748046875,0.193115234375,0.250732421875,0.988525390625,41.065294117647056,2019-06-15 22:42:00,1,1,0
17215,0.51953125,1.0390625,0.3583984375,0.185791015625,0.3187255859375,0.9930419921875,41.09470588235294,2019-06-15 22:44:00,1,1,0
17216,0.943115234375,0.8251953125,0.5234375,0.2286376953125,0.2315673828125,0.9959716796875,41.08294117647059,2019-06-15 22:45:02,1,1,0
17217,0.6083984375,1.07080078125,0.43994140625,0.1505126953125,0.266845703125,1.0223388671875,41.08294117647059,2019-06-15 22:46:01,1,1,0
17218,0.434326171875,0.622802734375,0.264404296875,0.17138671875,0.2022705078125,1.0340576171875,41.05647058823529,2019-06-15 22:47:00,1,1,0
17219,0.688720703125,0.98046875,0.38134765625,0.1749267578125,0.2452392578125,0.9857177734375,41.02117647058824,2019-06-15 22:47:59,1,1,0
17220,0.4462890625,1.138427734375,0.4462890625,0.18310546875,0.283447265625,1.015869140625,40.93,2019-06-15 22:49:58,1,1,0
17221,0.7041015625,0.966796875,0.5361328125,0.17529296875,0.228759765625,0.9627685546875,40.894705882352945,2019-06-15 22:50:59,1,1,0
17222,0.857421875,1.043701171875,0.358154296875,0.2056884765625,0.3026123046875,1.02978515625,40.84764705882353,2019-06-15 22:51:59,1,1,0
17223,0.78271484375,1.136474609375,0.419921875,0.2003173828125,0.292236328125,0.9951171875,40.84470588235294,2019-06-15 22:52:59,1,1,0
17224,0.80615234375,1.214599609375,0.43798828125,0.21337890625,0.247802734375,0.9891357421875,40.85941176470588,2019-06-15 22:53:58,1,1,0
17225,0.434814453125,1.054931640625,0.426513671875,0.2000732421875,0.309326171875,1.0333251953125,40.894705882352945,2019-06-15 22:54:58,1,1,0
17226,0.76123046875,1.21826171875,0.511962890625,0.154296875,0.319091796875,1.00634765625,40.927058823529414,2019-06-15 22:56:00,1,1,0
17227,0.64453125,1.04296875,0.50634765625,0.21142578125,0.349853515625,0.9619140625,40.90941176470589,2019-06-15 22:57:58,1,1,0
17228,0.455810546875,0.811767578125,0.535400390625,0.1494140625,0.224609375,1.0438232421875,40.894705882352945,2019-06-15 22:59:00,1,1,0
17229,0.52587890625,1.240234375,0.45654296875,0.1441650390625,0.2923583984375,1.0206298828125,40.888823529411766,2019-06-15 23:00:02,1,1,0
17230,0.560546875,1.293701171875,0.543212890625,0.168701171875,0.3411865234375,0.9990234375,40.93,2019-06-15 23:01:01,1,1,0
17231,0.447998046875,0.984619140625,0.4521484375,0.1339111328125,0.3074951171875,0.98291015625,40.947647058823534,2019-06-15 23:01:59,1,1,0
17232,0.69677734375,1.2900390625,0.41845703125,0.20556640625,0.31689453125,0.97705078125,40.953529411764706,2019-06-15 23:03:00,1,1,0
17233,0.76220703125,1.15966796875,0.57763671875,0.1944580078125,0.3067626953125,0.9703369140625,40.98882352941177,2019-06-15 23:04:01,1,1,0
17234,0.7900390625,1.01904296875,0.5224609375,0.1815185546875,0.2774658203125,1.0262451171875,40.98882352941177,2019-06-15 23:04:59,1,1,0
17235,0.60302734375,1.1708984375,0.427001953125,0.156005859375,0.2806396484375,1.03125,41.08882352941177,2019-06-15 23:07:04,1,1,0
17236,0.65625,0.973876953125,0.4873046875,0.1279296875,0.23974609375,1.0240478515625,41.10058823529412,2019-06-15 23:08:00,1,1,0
17237,0.81005859375,1.178466796875,0.6015625,0.2467041015625,0.3162841796875,1.02880859375,41.138823529411766,2019-06-15 23:08:58,1,1,0
17238,0.58203125,1.1005859375,0.5498046875,0.1903076171875,0.3212890625,0.98828125,41.16823529411765,2019-06-15 23:09:58,1,1,0
17239,0.526611328125,1.235595703125,0.5615234375,0.1492919921875,0.27587890625,1.0213623046875,41.191764705882356,2019-06-15 23:10:58,1,1,0
17240,0.671875,0.97412109375,0.440673828125,0.1295166015625,0.259033203125,0.9947509765625,41.2064705882353,2019-06-15 23:11:59,1,1,0
17241,0.81640625,1.043212890625,0.525390625,0.229736328125,0.2572021484375,1.0628662109375,41.224117647058826,2019-06-15 23:12:58,1,1,0
17242,0.4921875,0.979736328125,0.315673828125,0.1578369140625,0.2335205078125,0.9979248046875,41.24764705882353,2019-06-15 23:13:58,1,1,0
17243,0.57275390625,0.870849609375,0.46533203125,0.179931640625,0.216064453125,1.0330810546875,41.25941176470588,2019-06-15 23:15:02,1,1,0
17244,0.741455078125,1.03857421875,0.577392578125,0.202880859375,0.2679443359375,0.989501953125,41.28,2019-06-15 23:16:00,1,1,0
17245,0.6474609375,1.29541015625,0.4560546875,0.164306640625,0.3524169921875,0.9619140625,41.29470588235294,2019-06-15 23:16:59,1,1,0
17246,0.96630859375,0.94677734375,0.513671875,0.2518310546875,0.2620849609375,0.975341796875,41.268235294117645,2019-06-15 23:17:59,1,1,0
17247,0.641845703125,0.970947265625,0.519287109375,0.2020263671875,0.26025390625,1.04248046875,41.309411764705885,2019-06-15 23:18:58,1,1,0
17248,0.72265625,1.07080078125,0.566162109375,0.1773681640625,0.26025390625,0.9571533203125,41.29470588235294,2019-06-15 23:20:58,1,1,0
17249,0.625,0.64697265625,0.369140625,0.1925048828125,0.18798828125,1.017822265625,41.29470588235294,2019-06-15 23:22:01,1,1,0
17250,0.725830078125,0.84619140625,0.3779296875,0.197265625,0.2763671875,1.000244140625,41.288823529411765,2019-06-15 23:22:58,1,1,0
17251,0.630615234375,1.153076171875,0.4794921875,0.177734375,0.2921142578125,0.97216796875,41.30352941176471,2019-06-15 23:23:58,1,1,0
17252,0.718017578125,1.220703125,0.59521484375,0.156005859375,0.2410888671875,0.95068359375,41.321176470588235,2019-06-15 23:24:59,1,1,0
17253,0.91796875,1.141357421875,0.4912109375,0.1890869140625,0.265869140625,0.982177734375,41.309411764705885,2019-06-15 23:25:58,1,1,0
17254,0.884033203125,1.143798828125,0.542724609375,0.2154541015625,0.3656005859375,0.9761962890625,41.353529411764704,2019-06-15 23:26:58,1,1,0
17255,0.810546875,1.256591796875,0.43359375,0.1822509765625,0.3380126953125,0.988037109375,41.38588235294118,2019-06-15 23:27:59,1,1,0
17256,0.62744140625,0.86083984375,0.444580078125,0.263916015625,0.2225341796875,1.0450439453125,41.40352941176471,2019-06-15 23:28:58,1,1,0
17257,0.58447265625,0.671630859375,0.322998046875,0.140625,0.2073974609375,1.026611328125,41.447647058823534,2019-06-15 23:31:00,1,1,0
17258,0.63720703125,1.098876953125,0.584228515625,0.1707763671875,0.289306640625,0.95361328125,41.494705882352946,2019-06-15 23:31:59,1,1,0
17259,0.603515625,0.93017578125,0.381591796875,0.165771484375,0.2535400390625,1.035400390625,41.50058823529412,2019-06-15 23:32:58,1,1,0
17260,0.727294921875,0.936767578125,0.47705078125,0.20263671875,0.259765625,0.9912109375,41.50941176470588,2019-06-15 23:33:59,1,1,0
17261,0.717529296875,1.1201171875,0.575439453125,0.1796875,0.282958984375,0.9805908203125,41.47705882352941,2019-06-15 23:35:00,1,1,0
17262,0.65625,1.158447265625,0.510498046875,0.176025390625,0.32421875,0.994873046875,41.474117647058826,2019-06-15 23:36:00,1,1,0
17263,0.70166015625,1.28857421875,0.454345703125,0.192138671875,0.3226318359375,1.0191650390625,41.45058823529412,2019-06-15 23:36:58,1,1,0
17264,0.865966796875,1.02783203125,0.39013671875,0.26416015625,0.2882080078125,1.034912109375,41.400588235294116,2019-06-15 23:37:58,1,1,0
17265,0.571044921875,0.971435546875,0.403076171875,0.1583251953125,0.2838134765625,0.9609375,41.388823529411766,2019-06-15 23:38:58,1,1,0
17266,0.65576171875,1.13818359375,0.619384765625,0.176025390625,0.2755126953125,1.0009765625,41.406470588235294,2019-06-15 23:40:02,1,1,0
17267,0.6796875,0.77880859375,0.439208984375,0.1734619140625,0.255859375,0.969970703125,41.368235294117646,2019-06-15 23:40:59,1,1,0
17268,0.650390625,0.948974609375,0.520751953125,0.173828125,0.24560546875,0.965576171875,41.353529411764704,2019-06-15 23:42:59,1,1,0
17269,0.516845703125,1.012939453125,0.59765625,0.1561279296875,0.3004150390625,1.0352783203125,41.309411764705885,2019-06-15 23:44:02,1,1,0
17270,0.66845703125,1.09228515625,0.271240234375,0.182373046875,0.2857666015625,0.9974365234375,41.30352941176471,2019-06-15 23:44:59,1,1,0
17271,0.43505859375,1.179443359375,0.443359375,0.1546630859375,0.3543701171875,0.978271484375,41.177058823529414,2019-06-15 23:48:58,1,1,0
17272,0.78369140625,0.909423828125,0.22314453125,0.1729736328125,0.2547607421875,1.0570068359375,41.177058823529414,2019-06-15 23:49:59,1,1,0
17273,0.591064453125,0.98046875,0.5380859375,0.1390380859375,0.3131103515625,0.9979248046875,41.16529411764706,2019-06-15 23:50:59,1,1,0
17274,0.661376953125,0.834228515625,0.39892578125,0.1865234375,0.2010498046875,1.0040283203125,41.12705882352941,2019-06-15 23:52:00,1,1,0
17275,0.672607421875,1.093017578125,0.431396484375,0.163818359375,0.309814453125,0.98779296875,41.11235294117647,2019-06-15 23:52:59,1,1,0
17276,0.658447265625,1.21923828125,0.37744140625,0.1796875,0.268310546875,0.9981689453125,41.08294117647059,2019-06-15 23:53:58,1,1,0
17277,0.763427734375,1.033203125,0.4345703125,0.232177734375,0.2322998046875,1.03369140625,41.10058823529412,2019-06-15 23:54:58,1,1,0
17278,0.755126953125,1.085205078125,0.449462890625,0.1824951171875,0.24462890625,1.0037841796875,41.071176470588235,2019-06-15 23:55:58,1,1,0
17279,0.455322265625,1.04052734375,0.4130859375,0.1279296875,0.309326171875,0.9593505859375,41.038823529411765,2019-06-15 23:57:58,1,1,0
17280,0.77392578125,0.62109375,0.377197265625,0.2060546875,0.2095947265625,0.97412109375,41.03,2019-06-15 23:58:59,1,1,0
17281,0.5478515625,0.78564453125,0.316162109375,0.170654296875,0.2373046875,0.9840087890625,41.04176470588236,2019-06-15 23:59:58,1,1,0
17282,0.639892578125,1.088134765625,0.595458984375,0.1944580078125,0.2509765625,0.986572265625,41.012352941176474,2019-06-16 00:00:58,1,1,0
17283,0.771484375,1.08837890625,0.553955078125,0.198486328125,0.314697265625,1.0228271484375,41.00941176470588,2019-06-16 00:01:59,1,1,0
17284,0.637939453125,1.252197265625,0.5205078125,0.1534423828125,0.2989501953125,0.98583984375,40.96235294117647,2019-06-16 00:02:58,1,1,0
17285,0.645263671875,1.185791015625,0.502685546875,0.1661376953125,0.29296875,0.954345703125,40.96235294117647,2019-06-16 00:03:58,1,1,0
17286,0.72119140625,1.1650390625,0.408203125,0.1947021484375,0.3038330078125,0.9332275390625,40.947647058823534,2019-06-16 00:04:58,1,1,0
17287,0.69287109375,0.903076171875,0.490966796875,0.172607421875,0.25439453125,1.026611328125,40.921176470588236,2019-06-16 00:05:58,1,1,0
17288,0.5537109375,1.111328125,0.435791015625,0.2022705078125,0.275146484375,1.000244140625,40.921176470588236,2019-06-16 00:06:58,1,1,0
17289,0.66748046875,0.91015625,0.419189453125,0.169677734375,0.2935791015625,0.9969482421875,40.91235294117647,2019-06-16 00:07:58,1,1,0
17290,0.693115234375,1.07275390625,0.517578125,0.16552734375,0.2860107421875,1.0089111328125,40.88294117647059,2019-06-16 00:09:59,1,1,0
17291,0.7919921875,1.16357421875,0.382568359375,0.2208251953125,0.3414306640625,1.01025390625,40.86529411764706,2019-06-16 00:11:00,1,1,0
17292,0.48486328125,1.1640625,0.62890625,0.1629638671875,0.2601318359375,0.9901123046875,40.868235294117646,2019-06-16 00:12:01,1,1,0
17293,0.9833984375,1.110107421875,0.50732421875,0.23388671875,0.2501220703125,1.02587890625,40.900588235294116,2019-06-16 00:13:01,1,1,0
17294,0.596923828125,1.160888671875,0.448486328125,0.1544189453125,0.298095703125,0.9947509765625,40.89176470588235,2019-06-16 00:13:59,1,1,0
17295,0.723388671875,1.04296875,0.5029296875,0.182373046875,0.2823486328125,1.000732421875,40.87705882352941,2019-06-16 00:14:59,1,1,0
17296,0.71533203125,0.781494140625,0.366943359375,0.172607421875,0.210205078125,1.0032958984375,40.86235294117647,2019-06-16 00:15:58,1,1,0
17297,0.951416015625,1.070068359375,0.438232421875,0.178466796875,0.3128662109375,0.99853515625,40.874117647058824,2019-06-16 00:17:00,1,1,0
17298,0.679443359375,0.943359375,0.47998046875,0.161376953125,0.285400390625,1.0057373046875,40.84764705882353,2019-06-16 00:18:02,1,1,0
17299,0.8642578125,1.120361328125,0.44677734375,0.205322265625,0.2813720703125,1.0146484375,40.86235294117647,2019-06-16 00:19:03,1,1,0
17300,0.84814453125,0.799072265625,0.5390625,0.21435546875,0.21923828125,1.007568359375,40.91823529411765,2019-06-16 00:21:00,1,1,0
17301,0.706787109375,0.828369140625,0.513916015625,0.17822265625,0.2271728515625,0.952880859375,40.953529411764706,2019-06-16 00:21:59,1,1,0
17302,0.601806640625,0.972900390625,0.38623046875,0.1702880859375,0.2850341796875,0.9669189453125,40.93882352941176,2019-06-16 00:23:01,1,1,0
17303,0.6630859375,1.31689453125,0.363525390625,0.18603515625,0.31787109375,0.9830322265625,40.974117647058826,2019-06-16 00:23:58,1,1,0
17304,0.739990234375,0.89404296875,0.281005859375,0.1722412109375,0.2491455078125,0.9736328125,40.96823529411765,2019-06-16 00:25:01,1,1,0
17305,0.553466796875,0.91357421875,0.3349609375,0.13916015625,0.2359619140625,0.9898681640625,41.00058823529412,2019-06-16 00:25:58,1,1,0
17306,0.673095703125,1.15234375,0.500244140625,0.1810302734375,0.2991943359375,1.0093994140625,41.04470588235294,2019-06-16 00:27:01,1,1,0
17307,0.7626953125,1.35888671875,0.545654296875,0.20068359375,0.33740234375,1.0340576171875,41.027058823529416,2019-06-16 00:27:59,1,1,0
17308,0.8134765625,1.163818359375,0.482421875,0.1947021484375,0.31982421875,0.984619140625,41.071176470588235,2019-06-16 00:28:58,1,1,0
17309,0.474853515625,1.05126953125,0.417724609375,0.1541748046875,0.3131103515625,1.0126953125,41.065294117647056,2019-06-16 00:29:58,1,1,0
17310,0.750244140625,1.089599609375,0.563720703125,0.2073974609375,0.284912109375,1.0157470703125,41.08294117647059,2019-06-16 00:30:58,1,1,0
17311,0.615966796875,0.832763671875,0.475341796875,0.1572265625,0.2216796875,1.0341796875,41.103529411764704,2019-06-16 00:31:58,1,1,0
17312,0.6494140625,0.62353515625,0.609619140625,0.1988525390625,0.175537109375,0.9842529296875,41.07411764705883,2019-06-16 00:33:59,1,1,0
17313,0.654296875,0.985107421875,0.451416015625,0.1483154296875,0.2767333984375,0.937255859375,41.10941176470588,2019-06-16 00:34:58,1,1,0
17314,0.591552734375,1.221923828125,0.556884765625,0.180908203125,0.318359375,0.9677734375,41.065294117647056,2019-06-16 00:36:01,1,1,0
17315,0.837646484375,1.03076171875,0.592529296875,0.2142333984375,0.28466796875,1.05029296875,41.07705882352941,2019-06-16 00:37:02,1,1,0
17316,0.78662109375,1.188720703125,0.431640625,0.19287109375,0.2945556640625,1.0264892578125,41.059411764705885,2019-06-16 00:37:58,1,1,0
17317,0.727294921875,1.070068359375,0.419677734375,0.1942138671875,0.282470703125,0.9599609375,41.08294117647059,2019-06-16 00:39:00,1,1,0
17318,0.69970703125,1.2490234375,0.6142578125,0.2222900390625,0.3466796875,1.018798828125,41.09470588235294,2019-06-16 00:39:59,1,1,0
17319,0.62841796875,0.912109375,0.628662109375,0.1695556640625,0.25830078125,0.99951171875,41.11529411764706,2019-06-16 00:40:58,1,1,0
17320,0.653076171875,1.15283203125,0.570556640625,0.1668701171875,0.2877197265625,0.9595947265625,41.118235294117646,2019-06-16 00:41:58,1,1,0
17321,0.742431640625,0.911376953125,0.474853515625,0.222900390625,0.2454833984375,1.0057373046875,41.11529411764706,2019-06-16 00:42:58,1,1,0
17322,0.727783203125,0.892578125,0.511474609375,0.1826171875,0.226318359375,0.99267578125,41.13,2019-06-16 00:43:59,1,1,0
17323,0.75634765625,1.131591796875,0.67333984375,0.2012939453125,0.3497314453125,0.9847412109375,41.13588235294118,2019-06-16 00:44:59,1,1,0
17324,0.563232421875,0.948486328125,0.442626953125,0.1815185546875,0.2281494140625,0.997802734375,41.12117647058824,2019-06-16 00:46:02,1,1,0
17325,0.697265625,1.380859375,0.501953125,0.2119140625,0.3245849609375,1.0321044921875,41.14176470588235,2019-06-16 00:46:59,1,1,0
17326,0.734130859375,1.30810546875,0.59619140625,0.1817626953125,0.3524169921875,0.9903564453125,41.13,2019-06-16 00:47:58,1,1,0
17327,0.720703125,1.215087890625,0.529541015625,0.17529296875,0.3067626953125,1.015869140625,41.150588235294116,2019-06-16 00:49:00,1,1,0
17328,0.842529296875,1.367919921875,0.502685546875,0.218994140625,0.37548828125,1.0283203125,41.138823529411766,2019-06-16 00:51:58,1,1,0
17329,0.64501953125,1.1328125,0.490966796875,0.1734619140625,0.2738037109375,1.03759765625,41.138823529411766,2019-06-16 00:52:58,1,1,0
17330,0.81640625,0.917236328125,0.5078125,0.224853515625,0.2176513671875,1.007568359375,41.124117647058824,2019-06-16 00:54:58,1,1,0
17331,0.678466796875,1.182861328125,0.425048828125,0.1741943359375,0.3377685546875,0.99755859375,41.12117647058824,2019-06-16 00:55:58,1,1,0
17332,0.83056640625,1.3408203125,0.501220703125,0.185302734375,0.3560791015625,0.9967041015625,41.14176470588235,2019-06-16 00:56:58,1,1,0
17333,0.342529296875,0.90087890625,0.449951171875,0.1253662109375,0.2568359375,0.9560546875,41.13588235294118,2019-06-16 00:58:00,1,1,0
17334,0.693603515625,0.781982421875,0.487548828125,0.18603515625,0.2159423828125,0.9912109375,41.13588235294118,2019-06-16 00:59:58,1,1,0
17418,1.84228515625,1.845947265625,1.12646484375,0.4871826171875,0.50244140625,1.0775146484375,40.262352941176474,2019-06-17 21:38:18,1,1,1
17419,2.111328125,1.900634765625,1.240478515625,0.5074462890625,0.54345703125,1.0673828125,40.43882352941176,2019-06-17 21:39:23,1,1,1
17420,1.790283203125,1.9609375,1.07080078125,0.512939453125,0.503662109375,0.989013671875,40.56235294117647,2019-06-17 21:40:27,1,1,1
17421,1.306640625,2.025146484375,0.974365234375,0.4212646484375,0.445556640625,0.97998046875,40.69470588235294,2019-06-17 21:41:31,1,1,1
17422,2.87548828125,2.027587890625,1.06982421875,0.6094970703125,0.54150390625,1.178955078125,40.79176470588236,2019-06-17 21:42:37,1,1,1
17423,2.4013671875,1.750244140625,1.261474609375,0.65625,0.4189453125,1.0235595703125,41.04176470588236,2019-06-17 21:45:50,1,1,1
17424,1.872314453125,1.8662109375,1.09375,0.4656982421875,0.49951171875,1.049560546875,41.16823529411765,2019-06-17 21:46:55,1,1,1
17425,3.315185546875,2.04638671875,1.12060546875,0.77490234375,0.554443359375,1.12109375,41.24764705882353,2019-06-17 21:48:00,1,1,1
17426,2.07080078125,1.549072265625,0.923583984375,0.570556640625,0.4468994140625,0.9688720703125,41.30647058823529,2019-06-17 21:49:04,1,1,1
17427,2.210693359375,1.291748046875,0.68115234375,0.6431884765625,0.4212646484375,1.0592041015625,41.353529411764704,2019-06-17 21:50:09,1,1,1
17428,3.95361328125,2.533447265625,1.431640625,0.955078125,0.635986328125,1.0599365234375,41.37705882352941,2019-06-17 21:51:14,1,1,1
17429,2.511962890625,1.801025390625,1.10888671875,0.5997314453125,0.4935302734375,0.924560546875,41.42411764705882,2019-06-17 21:52:18,1,1,1
17430,2.0009765625,1.712158203125,1.073974609375,0.4827880859375,0.6317138671875,1.091064453125,41.4564705882353,2019-06-17 21:53:23,1,1,1
17431,2.503173828125,1.495849609375,1.053466796875,0.717529296875,0.391357421875,1.0064697265625,41.49176470588235,2019-06-17 21:54:28,1,1,1
17432,3.50048828125,1.663818359375,0.99462890625,0.7080078125,0.4732666015625,1.03759765625,41.53,2019-06-17 21:55:32,1,1,1
17433,2.145751953125,1.859130859375,0.956787109375,0.667236328125,0.494384765625,0.982177734375,41.559411764705885,2019-06-17 21:56:38,1,1,1
17434,2.14208984375,2.152587890625,1.669677734375,0.581787109375,0.5321044921875,1.1524658203125,41.644705882352945,2019-06-17 21:59:54,1,1,1
17435,2.676025390625,1.525634765625,0.953369140625,0.684326171875,0.405517578125,1.04296875,41.68294117647059,2019-06-17 22:00:57,1,1,1
17436,2.494873046875,1.690673828125,1.716552734375,0.6090087890625,0.405029296875,1.1046142578125,41.724117647058826,2019-06-17 22:02:01,1,1,1
17437,2.07666015625,2.001708984375,0.843017578125,0.5936279296875,0.480224609375,1.1700439453125,41.724117647058826,2019-06-17 22:03:05,1,1,1
17438,2.042236328125,2.012939453125,1.23193359375,0.544677734375,0.4158935546875,1.03466796875,41.735882352941175,2019-06-17 22:04:11,1,1,1
17439,1.417724609375,1.427490234375,1.275146484375,0.3521728515625,0.388916015625,1.0220947265625,41.81235294117647,2019-06-17 22:05:15,1,1,1
17440,2.552734375,1.97021484375,1.26171875,0.6458740234375,0.5003662109375,1.039306640625,41.78,2019-06-17 22:06:24,1,1,1
17441,2.112548828125,2.27392578125,1.0908203125,0.6181640625,0.5404052734375,0.9521484375,41.83,2019-06-17 22:07:25,1,1,1
17442,2.23681640625,1.527099609375,1.23046875,0.5848388671875,0.3885498046875,1.1544189453125,41.84764705882353,2019-06-17 22:08:30,1,1,1
17443,2.706298828125,2.173095703125,0.875244140625,0.638916015625,0.64697265625,1.053955078125,41.87117647058824,2019-06-17 22:09:36,1,1,1
17444,1.857177734375,1.190673828125,1.3876953125,0.502197265625,0.326904296875,0.9473876953125,41.841764705882355,2019-06-17 22:10:39,1,1,1
17445,2.203369140625,1.858154296875,0.836669921875,0.5439453125,0.5413818359375,1.061279296875,41.72117647058823,2019-06-17 22:13:55,1,1,1
17446,2.667724609375,2.599609375,0.964111328125,0.70361328125,0.5433349609375,0.9677734375,41.68588235294118,2019-06-17 22:15:03,1,1,1
17447,2.1220703125,2.02392578125,1.07470703125,0.4791259765625,0.58056640625,1.05615234375,41.57411764705883,2019-06-17 22:18:11,1,1,1
17448,2.2255859375,2.111328125,1.288330078125,0.5701904296875,0.5098876953125,1.0345458984375,41.394705882352945,2019-06-17 22:21:28,1,1,1
17449,2.644287109375,2.027587890625,1.179931640625,0.542724609375,0.5299072265625,1.0030517578125,41.34470588235294,2019-06-17 22:22:33,1,1,1
17450,1.635986328125,1.672119140625,1.157470703125,0.5186767578125,0.45263671875,1.041259765625,41.29176470588236,2019-06-17 22:23:36,1,1,1
17451,1.713623046875,1.859375,1.324951171875,0.5048828125,0.6448974609375,1.1614990234375,41.21235294117647,2019-06-17 22:24:39,1,1,1
17452,1.894287109375,2.36865234375,1.402587890625,0.5225830078125,0.5614013671875,1.103271484375,41.156470588235294,2019-06-17 22:25:46,1,1,1
17453,2.00634765625,2.02392578125,1.473388671875,0.6400146484375,0.509033203125,1.14208984375,41.13,2019-06-17 22:26:50,1,1,1
17454,2.00244140625,1.859375,1.1572265625,0.6226806640625,0.4683837890625,1.0830078125,41.059411764705885,2019-06-17 22:32:14,1,1,1
17455,2.56201171875,1.447509765625,0.88818359375,0.6199951171875,0.3858642578125,1.0316162109375,41.08588235294118,2019-06-17 22:33:17,1,1,1
17456,2.45849609375,1.48583984375,1.331787109375,0.7388916015625,0.381591796875,1.0135498046875,41.103529411764704,2019-06-17 22:34:23,1,1,1
17457,3.195556640625,1.6640625,0.794677734375,0.7449951171875,0.418212890625,1.060791015625,41.15941176470589,2019-06-17 22:35:33,1,1,1
17458,1.493896484375,1.635498046875,1.10693359375,0.41064453125,0.3763427734375,1.00439453125,41.209411764705884,2019-06-17 22:36:32,1,1,1
17459,3.055908203125,1.59375,0.825927734375,0.647216796875,0.4403076171875,1.0579833984375,41.27117647058824,2019-06-17 22:37:39,1,1,1
17460,2.529052734375,1.85546875,1.065185546875,0.5921630859375,0.476318359375,1.0006103515625,41.30647058823529,2019-06-17 22:38:45,1,1,1
17461,2.110595703125,1.92236328125,1.21435546875,0.5693359375,0.5692138671875,1.015869140625,41.39176470588235,2019-06-17 22:39:45,1,1,1
17462,2.653564453125,1.652099609375,0.792236328125,0.557861328125,0.5792236328125,1.158447265625,41.59470588235294,2019-06-17 22:42:59,1,1,1
17463,2.28955078125,1.60791015625,1.062744140625,0.5166015625,0.420654296875,0.997314453125,41.888823529411766,2019-06-17 22:48:22,1,1,1
17464,2.60107421875,1.610595703125,0.921142578125,0.5655517578125,0.4385986328125,1.0225830078125,41.91529411764706,2019-06-17 22:49:27,1,1,1
17465,1.67431640625,1.43701171875,1.293701171875,0.4415283203125,0.453857421875,0.9910888671875,41.953529411764706,2019-06-17 22:51:40,1,1,1
17466,2.74267578125,1.59716796875,1.6015625,0.6285400390625,0.4613037109375,1.0782470703125,42.012352941176474,2019-06-17 22:52:41,1,1,1
17467,2.292236328125,2.197265625,1.7392578125,0.739990234375,0.6063232421875,1.16064453125,42.21235294117647,2019-06-17 22:58:05,1,1,1
17468,2.495849609375,1.65380859375,1.487060546875,0.6087646484375,0.37939453125,1.12158203125,42.27411764705882,2019-06-17 23:01:19,1,1,1
17469,1.9609375,2.00830078125,1.0263671875,0.60546875,0.5625,0.9754638671875,42.31235294117647,2019-06-17 23:02:23,1,1,1
17470,2.052001953125,2.091796875,0.84228515625,0.4183349609375,0.48046875,1.04736328125,42.321176470588235,2019-06-17 23:03:29,1,1,1
17471,2.19189453125,1.55126953125,1.071044921875,0.6004638671875,0.3973388671875,1.0118408203125,42.315294117647056,2019-06-17 23:04:34,1,1,1
17472,2.47021484375,2.007568359375,0.89111328125,0.57470703125,0.4498291015625,0.9693603515625,42.33294117647059,2019-06-17 23:05:38,1,1,1
17473,1.788818359375,1.63037109375,1.079345703125,0.5423583984375,0.3958740234375,0.98779296875,42.33588235294118,2019-06-17 23:06:42,1,1,1
17474,2.903564453125,1.773681640625,1.1611328125,0.6492919921875,0.4603271484375,1.0367431640625,42.37705882352941,2019-06-17 23:07:47,1,1,1
17475,3.1455078125,1.818359375,1.40625,0.749267578125,0.4293212890625,1.001953125,42.39764705882353,2019-06-17 23:11:02,1,1,1
17476,2.308349609375,1.737060546875,1.2451171875,0.6553955078125,0.4864501953125,0.9561767578125,42.400588235294116,2019-06-17 23:12:05,1,1,1
17477,2.38818359375,1.491455078125,1.513916015625,0.65673828125,0.3597412109375,1.025390625,42.36529411764706,2019-06-17 23:13:10,1,1,1
17478,2.205078125,1.7412109375,1.202392578125,0.579345703125,0.423828125,0.94775390625,42.33882352941177,2019-06-17 23:14:15,1,1,1
17479,1.706298828125,1.62939453125,1.14453125,0.4598388671875,0.4603271484375,0.9410400390625,42.30647058823529,2019-06-17 23:15:20,1,1,1
17480,2.5009765625,1.584716796875,1.055419921875,0.6219482421875,0.46044921875,1.073974609375,42.25941176470588,2019-06-17 23:16:24,1,1,1
17481,2.67431640625,2.191162109375,1.376953125,0.603515625,0.591064453125,1.015869140625,42.224117647058826,2019-06-17 23:17:29,1,1,1
17482,2.357666015625,2.001220703125,1.70263671875,0.578125,0.53955078125,0.9849853515625,42.2064705882353,2019-06-17 23:20:44,1,1,1
17483,2.798583984375,1.774658203125,1.310302734375,0.7999267578125,0.5035400390625,1.10205078125,42.209411764705884,2019-06-17 23:21:48,1,1,1
17484,3.8173828125,2.513916015625,1.379638671875,0.8228759765625,0.5867919921875,1.0098876953125,42.22705882352941,2019-06-17 23:22:52,1,1,1
17485,2.213623046875,2.078369140625,1.080078125,0.6243896484375,0.6156005859375,1.0489501953125,42.32411764705883,2019-06-17 23:26:06,1,1,1
17486,2.48388671875,2.007568359375,1.027099609375,0.698486328125,0.5943603515625,1.0521240234375,42.34470588235294,2019-06-17 23:27:11,1,1,1
17487,3.787353515625,1.510009765625,1.29345703125,0.8773193359375,0.434814453125,0.9532470703125,42.33588235294118,2019-06-17 23:28:17,1,1,1
17488,2.38671875,1.6953125,0.7646484375,0.7659912109375,0.4114990234375,1.14208984375,42.3564705882353,2019-06-17 23:29:20,1,1,1
17489,2.734130859375,1.571044921875,1.367431640625,0.5948486328125,0.4066162109375,1.13623046875,42.47117647058823,2019-06-17 23:34:44,1,1,1
17490,2.122802734375,2.23095703125,1.032470703125,0.5902099609375,0.591552734375,0.9952392578125,42.47117647058823,2019-06-17 23:35:50,1,1,1
17491,1.474609375,2.04443359375,1.2490234375,0.438720703125,0.594482421875,1.1214599609375,42.29470588235294,2019-06-17 23:39:03,1,1,1
17492,2.48974609375,1.88427734375,0.992919921875,0.535400390625,0.4869384765625,1.0665283203125,42.235882352941175,2019-06-17 23:40:08,1,1,1
17493,2.949951171875,1.857177734375,1.113525390625,0.69384765625,0.4578857421875,0.924072265625,42.14764705882353,2019-06-17 23:43:22,1,1,1
17494,2.329833984375,1.654052734375,1.371826171875,0.5889892578125,0.5216064453125,1.093505859375,42.12117647058824,2019-06-17 23:44:26,1,1,1
17495,2.442138671875,1.592529296875,1.36279296875,0.6998291015625,0.4593505859375,1.095458984375,42.103529411764704,2019-06-17 23:45:32,1,1,1
17496,1.822021484375,2.00830078125,1.203857421875,0.488525390625,0.41748046875,1.033447265625,42.09470588235294,2019-06-17 23:46:36,1,1,1
17497,1.877685546875,1.951904296875,1.196044921875,0.5162353515625,0.5093994140625,1.072021484375,42.1064705882353,2019-06-17 23:47:40,1,1,1
17498,2.747314453125,1.320068359375,1.541015625,0.68798828125,0.41015625,0.9837646484375,42.071176470588235,2019-06-17 23:48:48,1,1,1
17499,3.519775390625,1.46728515625,0.973388671875,0.8251953125,0.4398193359375,1.027099609375,42.02411764705882,2019-06-17 23:49:50,1,1,1
17500,2.772216796875,1.451904296875,0.99462890625,0.7054443359375,0.4935302734375,1.0103759765625,42.00058823529412,2019-06-17 23:50:57,1,1,1
17501,3.51025390625,1.32373046875,1.1865234375,0.8697509765625,0.444091796875,0.991943359375,41.96235294117647,2019-06-17 23:51:59,1,1,1
17502,2.7529296875,2.42333984375,1.441162109375,0.6922607421875,0.744873046875,1.0888671875,41.953529411764706,2019-06-17 23:53:05,1,1,1
17503,3.1630859375,2.769287109375,1.130126953125,0.6961669921875,0.6873779296875,1.188720703125,41.97705882352941,2019-06-17 23:54:11,1,1,1
17504,2.1845703125,2.535888671875,1.619384765625,0.558349609375,0.6473388671875,1.1103515625,41.953529411764706,2019-06-17 23:55:16,1,1,1
17505,3.324462890625,2.37646484375,1.431396484375,0.697021484375,0.544189453125,0.991455078125,41.98882352941177,2019-06-17 23:56:18,1,1,1
17506,2.73291015625,1.834228515625,1.54931640625,0.71484375,0.4461669921875,1.092041015625,42.00058823529412,2019-06-17 23:57:23,1,1,1
17507,1.91552734375,1.982666015625,1.178466796875,0.5782470703125,0.4769287109375,1.12451171875,41.985882352941175,2019-06-17 23:58:27,1,1,1
17508,2.177734375,2.267578125,1.450439453125,0.559814453125,0.599853515625,1.1424560546875,42.02117647058824,2019-06-17 23:59:33,1,1,1
17509,1.816162109375,1.56689453125,1.141845703125,0.4737548828125,0.4425048828125,1.0230712890625,42.00941176470588,2019-06-18 00:00:37,1,1,1
17510,2.70654296875,1.46142578125,0.881591796875,0.570068359375,0.3507080078125,1.02490234375,41.98294117647059,2019-06-18 00:01:42,1,1,1
17511,2.682373046875,1.90380859375,1.240234375,0.69677734375,0.4766845703125,1.119140625,41.9564705882353,2019-06-18 00:02:46,1,1,1
17512,2.40234375,1.766845703125,1.48193359375,0.577880859375,0.43212890625,1.098388671875,41.93588235294118,2019-06-18 00:03:52,1,1,1
17513,3.285400390625,2.4248046875,1.185546875,0.76806640625,0.6162109375,1.1683349609375,41.83588235294118,2019-06-18 00:07:05,1,1,1
17514,1.987060546875,2.145751953125,1.34228515625,0.5638427734375,0.6282958984375,1.017822265625,41.80058823529412,2019-06-18 00:10:22,1,1,1
17515,2.704345703125,1.899169921875,1.24267578125,0.7286376953125,0.53515625,1.0831298828125,41.777058823529416,2019-06-18 00:11:24,1,1,1
17516,2.865478515625,1.6572265625,1.645751953125,0.714111328125,0.398681640625,1.1058349609375,41.78588235294118,2019-06-18 00:12:29,1,1,1
17517,2.738525390625,1.873291015625,1.2587890625,0.70654296875,0.552978515625,0.9986572265625,41.74764705882353,2019-06-18 00:13:34,1,1,1
17518,2.33447265625,1.855712890625,1.771484375,0.600341796875,0.503662109375,1.0799560546875,41.724117647058826,2019-06-18 00:14:38,1,1,1
17519,2.343994140625,1.744384765625,1.1982421875,0.61767578125,0.4991455078125,0.9102783203125,41.756470588235295,2019-06-18 00:15:45,1,1,1
17520,1.906982421875,1.5771484375,1.24072265625,0.567626953125,0.4593505859375,0.942626953125,41.74176470588235,2019-06-18 00:16:48,1,1,1
17521,2.466064453125,1.622314453125,1.0947265625,0.5631103515625,0.410400390625,1.040283203125,41.7064705882353,2019-06-18 00:18:57,1,1,1
17522,3.64404296875,2.04443359375,1.18603515625,0.803466796875,0.5594482421875,1.122802734375,41.709411764705884,2019-06-18 00:20:02,1,1,1
17523,2.297607421875,3.27392578125,0.882080078125,0.6309814453125,0.8262939453125,1.068115234375,41.70058823529412,2019-06-18 00:21:07,1,1,1
17524,2.77490234375,2.062744140625,1.37158203125,0.6849365234375,0.634521484375,0.95166015625,41.709411764705884,2019-06-18 00:22:12,1,1,1
17525,2.764404296875,2.117431640625,0.706298828125,0.752685546875,0.483642578125,1.1070556640625,41.70058823529412,2019-06-18 00:23:20,1,1,1
17526,2.57666015625,1.99658203125,1.254638671875,0.718994140625,0.531494140625,1.0550537109375,41.7064705882353,2019-06-18 00:24:20,1,1,1
17527,2.228515625,2.337890625,1.151123046875,0.5921630859375,0.5018310546875,1.0283203125,41.72705882352941,2019-06-18 00:25:25,1,1,1
17528,2.697265625,1.767822265625,1.175048828125,0.781494140625,0.50537109375,1.0634765625,41.744705882352946,2019-06-18 00:26:30,1,1,1
17529,2.62744140625,2.28369140625,1.624267578125,0.6019287109375,0.5567626953125,0.992431640625,41.768235294117645,2019-06-18 00:29:45,1,1,1
17530,2.60693359375,1.79931640625,1.2470703125,0.6800537109375,0.4078369140625,0.9886474609375,41.777058823529416,2019-06-18 00:30:48,1,1,1
17531,2.5322265625,2.224609375,1.37451171875,0.57568359375,0.4864501953125,1.084228515625,41.75941176470588,2019-06-18 00:31:53,1,1,1
17532,3.095703125,1.941162109375,1.32763671875,0.8084716796875,0.489990234375,1.0743408203125,41.73294117647059,2019-06-18 00:32:58,1,1,1
17533,2.675537109375,1.933837890625,1.162109375,0.6007080078125,0.4915771484375,0.9498291015625,41.724117647058826,2019-06-18 00:34:02,1,1,1
17534,1.970947265625,2.03125,1.367431640625,0.52294921875,0.648681640625,1.1297607421875,41.677058823529414,2019-06-18 00:37:17,1,1,1
17535,3.437255859375,1.10498046875,1.147705078125,0.6458740234375,0.301513671875,0.96533203125,41.68,2019-06-18 00:38:21,1,1,1
17536,1.6748046875,2.240234375,0.976318359375,0.4857177734375,0.6131591796875,1.060302734375,41.691764705882356,2019-06-18 00:40:31,1,1,1
17537,2.225830078125,1.78466796875,0.8134765625,0.6087646484375,0.475341796875,0.9661865234375,41.70058823529412,2019-06-18 00:41:35,1,1,1
17538,2.48388671875,1.910888671875,1.004150390625,0.5989990234375,0.511962890625,0.9918212890625,41.68294117647059,2019-06-18 00:42:40,1,1,1
17539,2.753173828125,2.559326171875,1.2197265625,0.682373046875,0.6402587890625,1.0264892578125,41.697647058823534,2019-06-18 00:43:46,1,1,1
17540,2.14453125,2.435791015625,1.277587890625,0.5556640625,0.690673828125,1.0069580078125,41.69470588235294,2019-06-18 00:44:50,1,1,1
17541,3.2333984375,2.689208984375,1.149658203125,0.7088623046875,0.6788330078125,1.123291015625,41.72705882352941,2019-06-18 00:47:00,1,1,1
17542,2.485595703125,1.86328125,0.600341796875,0.6400146484375,0.515869140625,0.933837890625,41.74764705882353,2019-06-18 00:48:04,1,1,1
17543,2.51953125,1.959228515625,1.33447265625,0.5888671875,0.438720703125,1.0875244140625,41.77411764705882,2019-06-18 00:49:08,1,1,1
17544,2.1435546875,1.75537109375,0.89111328125,0.563232421875,0.495849609375,1.001220703125,41.81235294117647,2019-06-18 00:50:14,1,1,1
17545,3.161865234375,1.9248046875,1.2880859375,0.9010009765625,0.6202392578125,0.9415283203125,41.821176470588235,2019-06-18 00:51:18,1,1,1
17546,2.21728515625,2.077392578125,1.183349609375,0.7021484375,0.5482177734375,1.038818359375,41.82411764705883,2019-06-18 00:54:33,1,1,1
17547,3.599365234375,2.644775390625,1.0048828125,0.839599609375,0.60595703125,1.1121826171875,41.809411764705885,2019-06-18 00:57:47,1,1,1
17548,2.960205078125,1.919189453125,0.77294921875,0.6893310546875,0.453857421875,0.9949951171875,41.756470588235295,2019-06-18 00:58:51,1,1,1
17549,2.6259765625,2.040771484375,1.26513671875,0.7452392578125,0.54931640625,0.9425048828125,41.75352941176471,2019-06-18 00:59:55,1,1,1
17550,2.702392578125,1.8515625,1.135009765625,0.5631103515625,0.4608154296875,0.985595703125,41.68588235294118,2019-06-18 01:01:05,1,1,1
17551,2.434814453125,2.388916015625,1.401123046875,0.6551513671875,0.5657958984375,1.0947265625,41.61235294117647,2019-06-18 01:02:05,1,1,1
17552,2.521728515625,1.722412109375,0.95263671875,0.81689453125,0.475830078125,0.8812255859375,41.57411764705883,2019-06-18 01:03:10,1,1,1
17553,2.020751953125,1.980712890625,0.703125,0.693115234375,0.450439453125,0.88525390625,41.48882352941177,2019-06-18 01:08:36,1,1,1
17554,3.056640625,1.736572265625,1.12939453125,0.826904296875,0.5947265625,1.0570068359375,41.52411764705882,2019-06-18 01:09:39,1,1,1
17555,2.300537109375,2.392822265625,0.9775390625,0.69482421875,0.518310546875,1.005615234375,41.51529411764706,2019-06-18 01:10:42,1,1,1
17556,1.68603515625,2.448974609375,1.025146484375,0.5257568359375,0.5487060546875,1.0430908203125,41.54176470588236,2019-06-18 01:11:49,1,1,1
17557,1.855712890625,1.26708984375,0.939208984375,0.4324951171875,0.4080810546875,0.940673828125,41.54176470588236,2019-06-18 01:12:52,1,1,1
17558,3.0224609375,1.406982421875,0.790283203125,0.771484375,0.490966796875,1.080322265625,41.54176470588236,2019-06-18 01:13:56,1,1,1
17559,3.29052734375,1.65478515625,1.08984375,0.803955078125,0.39453125,0.8934326171875,41.53588235294118,2019-06-18 01:15:01,1,1,1
17560,2.027099609375,2.242919921875,0.926025390625,0.486083984375,0.616455078125,1.0660400390625,41.54176470588236,2019-06-18 01:16:07,1,1,1
17561,2.878173828125,1.369384765625,1.083984375,0.9149169921875,0.4342041015625,1.0159912109375,41.54176470588236,2019-06-18 01:17:12,1,1,1
17562,3.199462890625,1.747802734375,1.272705078125,0.798095703125,0.5821533203125,1.0872802734375,41.62705882352941,2019-06-18 01:24:44,1,1,1
17563,3.25048828125,2.10009765625,1.3740234375,0.8819580078125,0.609619140625,1.0167236328125,41.68294117647059,2019-06-18 01:25:49,1,1,1
17564,3.564453125,2.998291015625,1.13037109375,0.828125,0.5994873046875,1.0325927734375,41.68294117647059,2019-06-18 01:26:53,1,1,1
17565,2.868896484375,1.915771484375,1.085205078125,0.732666015625,0.477783203125,0.97216796875,41.709411764705884,2019-06-18 01:27:58,1,1,1
17566,2.57763671875,2.864990234375,1.209716796875,0.6934814453125,0.6837158203125,1.00244140625,41.75941176470588,2019-06-18 01:29:03,1,1,1
17567,2.251220703125,3.114501953125,1.058837890625,0.622802734375,0.6397705078125,1.00244140625,41.81235294117647,2019-06-18 01:30:07,1,1,1
17568,2.671875,1.99609375,1.252197265625,0.6995849609375,0.5804443359375,0.974609375,41.83294117647059,2019-06-18 01:31:12,1,1,1
17569,3.292724609375,2.47021484375,1.425048828125,0.781982421875,0.5516357421875,1.1845703125,41.88588235294118,2019-06-18 01:32:17,1,1,1
17570,2.6298828125,1.7666015625,1.354248046875,0.7000732421875,0.4815673828125,1.090087890625,41.88,2019-06-18 01:36:35,1,1,1
17571,2.325927734375,1.832275390625,1.02783203125,0.650390625,0.5238037109375,1.1142578125,41.84764705882353,2019-06-18 01:37:42,1,1,1
17572,2.873046875,1.61376953125,1.2255859375,0.816162109375,0.44970703125,1.0087890625,41.80647058823529,2019-06-18 01:38:47,1,1,1
17573,2.599365234375,1.5712890625,1.15283203125,0.6722412109375,0.4117431640625,1.055908203125,41.762352941176474,2019-06-18 01:39:53,1,1,1
17574,2.513671875,2.53955078125,1.34765625,0.7684326171875,0.630859375,1.031005859375,41.724117647058826,2019-06-18 01:40:57,1,1,1
17575,3.088623046875,2.763916015625,0.97412109375,0.800537109375,0.6356201171875,1.0067138671875,41.69470588235294,2019-06-18 01:41:59,1,1,1
17576,1.716064453125,2.232666015625,0.843017578125,0.62646484375,0.5162353515625,1.04150390625,41.64764705882353,2019-06-18 01:43:05,1,1,1
17577,2.58056640625,2.1552734375,0.80859375,0.654052734375,0.537109375,1.0850830078125,41.63588235294118,2019-06-18 01:44:09,1,1,1
17578,2.364501953125,2.59423828125,1.292724609375,0.7823486328125,0.6458740234375,0.9471435546875,41.60058823529412,2019-06-18 01:45:13,1,1,1
17579,2.245849609375,2.3681640625,0.954345703125,0.571533203125,0.53369140625,1.098388671875,41.618235294117646,2019-06-18 01:46:18,1,1,1
17580,2.55322265625,1.768798828125,1.4384765625,0.6280517578125,0.453369140625,1.0513916015625,41.59764705882353,2019-06-18 01:47:23,1,1,1
17581,2.9345703125,2.25927734375,0.765869140625,0.62939453125,0.527587890625,1.0716552734375,41.58294117647059,2019-06-18 01:48:27,1,1,1
17582,1.843017578125,1.381103515625,1.04052734375,0.5369873046875,0.3944091796875,0.9449462890625,41.62117647058824,2019-06-18 01:49:33,1,1,1
17583,2.664794921875,2.0634765625,1.22412109375,0.6556396484375,0.5447998046875,1.0076904296875,41.59764705882353,2019-06-18 01:50:39,1,1,1
17584,2.705322265625,1.530517578125,0.96142578125,0.6529541015625,0.44677734375,1.01123046875,41.58588235294118,2019-06-18 01:51:41,1,1,1
17585,2.449462890625,2.028564453125,1.09228515625,0.6654052734375,0.4957275390625,0.9925537109375,41.54470588235294,2019-06-18 01:52:50,1,1,1
17586,2.6376953125,2.904296875,1.1630859375,0.7269287109375,0.6304931640625,0.988525390625,41.48882352941177,2019-06-18 01:56:00,1,1,1
17587,3.767822265625,1.431396484375,1.251708984375,0.9150390625,0.4346923828125,0.9857177734375,41.494705882352946,2019-06-18 01:57:05,1,1,1
17588,1.9892578125,1.21533203125,1.109130859375,0.6055908203125,0.350341796875,0.95361328125,41.46235294117647,2019-06-18 01:59:18,1,1,1
17589,1.957275390625,0.854736328125,1.42431640625,0.512451171875,0.2332763671875,1.12109375,41.47705882352941,2019-06-18 02:00:19,1,1,1
17590,3.21484375,1.752685546875,1.021728515625,0.616943359375,0.483154296875,1.1229248046875,41.4564705882353,2019-06-18 02:01:24,1,1,1
17591,2.42529296875,2.7734375,1.423583984375,0.5828857421875,0.5479736328125,1.072509765625,41.43588235294118,2019-06-18 02:02:30,1,1,1
17592,2.297119140625,2.8798828125,0.8583984375,0.6036376953125,0.6038818359375,1.0323486328125,41.41823529411765,2019-06-18 02:05:44,1,1,1
17593,2.25830078125,1.9423828125,1.43701171875,0.7677001953125,0.4786376953125,0.9931640625,41.41529411764706,2019-06-18 02:06:47,1,1,1
17594,1.7900390625,2.061767578125,1.1494140625,0.7548828125,0.5595703125,0.807373046875,41.427058823529414,2019-06-18 02:07:52,1,1,1
17595,2.18017578125,2.92626953125,1.109375,0.60693359375,0.726318359375,0.967041015625,41.406470588235294,2019-06-18 02:08:57,1,1,1
17596,2.36572265625,2.377685546875,0.955078125,0.7095947265625,0.5335693359375,1.04052734375,41.43588235294118,2019-06-18 02:10:03,1,1,1
17597,2.966064453125,2.214111328125,1.02099609375,0.7247314453125,0.5899658203125,1.145263671875,41.46235294117647,2019-06-18 02:12:12,1,1,1
17598,3.391357421875,2.835205078125,0.67138671875,0.69384765625,0.5771484375,0.8885498046875,41.48294117647059,2019-06-18 02:13:19,1,1,1
17599,3.482177734375,2.87646484375,0.767578125,0.8299560546875,0.713134765625,0.98583984375,41.512352941176474,2019-06-18 02:14:21,1,1,1
17600,1.707763671875,2.41064453125,1.03271484375,0.5162353515625,0.525390625,0.9853515625,41.506470588235295,2019-06-18 02:15:27,1,1,1
17601,2.88037109375,2.11328125,1.521484375,0.81201171875,0.6163330078125,1.0611572265625,41.52117647058824,2019-06-18 02:16:31,1,1,1
17602,2.53125,1.523681640625,1.199951171875,0.7991943359375,0.476318359375,0.9522705078125,41.527058823529416,2019-06-18 02:17:34,1,1,1
17603,1.7236328125,1.99658203125,1.089599609375,0.5252685546875,0.5281982421875,1.0322265625,41.56823529411765,2019-06-18 02:20:49,1,1,1
17604,1.813720703125,3.038818359375,1.031982421875,0.53515625,0.737548828125,1.06884765625,41.494705882352946,2019-06-18 02:24:04,1,1,1
17605,3.366455078125,2.333740234375,1.346435546875,0.8111572265625,0.650146484375,1.044189453125,41.494705882352946,2019-06-18 02:25:08,1,1,1
17606,2.8896484375,2.567138671875,1.0458984375,0.7447509765625,0.5574951171875,0.9405517578125,41.480000000000004,2019-06-18 02:26:13,1,1,1
17607,2.681640625,2.2666015625,1.1513671875,0.744140625,0.47314453125,0.97509765625,41.494705882352946,2019-06-18 02:27:17,1,1,1
17608,2.47509765625,2.546875,1.31640625,0.668701171875,0.741943359375,1.05322265625,41.447647058823534,2019-06-18 02:28:22,1,1,1
17609,2.770751953125,2.005859375,1.108642578125,0.8277587890625,0.4791259765625,0.9188232421875,41.421176470588236,2019-06-18 02:29:26,1,1,1
17610,2.680908203125,2.4033203125,1.236572265625,0.813720703125,0.5911865234375,1.0328369140625,41.43294117647059,2019-06-18 02:30:31,1,1,1
17611,2.73046875,1.94970703125,1.228759765625,0.7144775390625,0.5150146484375,0.974853515625,41.421176470588236,2019-06-18 02:31:36,1,1,1
17612,2.18896484375,2.04052734375,1.216796875,0.684326171875,0.5494384765625,1.121337890625,41.406470588235294,2019-06-18 02:35:55,1,1,1
17613,3.558837890625,1.682861328125,1.40771484375,0.9530029296875,0.4671630859375,0.998779296875,41.353529411764704,2019-06-18 02:39:09,1,1,1
17614,2.297607421875,1.9482421875,1.73095703125,0.6553955078125,0.4765625,1.0333251953125,41.33588235294118,2019-06-18 02:40:13,1,1,1
17615,2.53955078125,1.914306640625,1.362060546875,0.683837890625,0.643310546875,1.03662109375,41.35058823529412,2019-06-18 02:41:19,1,1,1
17616,2.9638671875,3.193115234375,1.2685546875,0.8037109375,0.6038818359375,0.985595703125,41.32705882352941,2019-06-18 02:42:23,1,1,1
17617,3.06103515625,2.176513671875,1.035888671875,0.857421875,0.5626220703125,1.1751708984375,41.32705882352941,2019-06-18 02:43:29,1,1,1
17618,3.085205078125,1.864501953125,1.6650390625,0.7596435546875,0.51025390625,1.1375732421875,41.33,2019-06-18 02:44:34,1,1,1
17619,3.028564453125,1.475341796875,1.5087890625,0.9317626953125,0.4888916015625,1.056396484375,41.29764705882353,2019-06-18 02:45:38,1,1,1
17620,2.556884765625,2.227783203125,0.93017578125,0.7923583984375,0.6031494140625,0.9593505859375,41.33,2019-06-18 02:46:42,1,1,1
17621,3.16552734375,1.76220703125,0.937255859375,0.7486572265625,0.646484375,0.9462890625,41.341764705882355,2019-06-18 02:47:47,1,1,1
17622,2.502197265625,2.865478515625,1.370849609375,0.6412353515625,0.681884765625,0.971923828125,41.374117647058824,2019-06-18 02:51:01,1,1,1
17623,2.50732421875,2.859130859375,1.018798828125,0.7391357421875,0.72607421875,0.980224609375,41.406470588235294,2019-06-18 02:52:06,1,1,1
17624,2.769775390625,3.052734375,1.20068359375,0.760498046875,0.6044921875,1.1025390625,41.421176470588236,2019-06-18 02:53:15,1,1,1
17626,2.955078125,1.994140625,1.32861328125,0.7421875,0.5240478515625,1.057373046875,41.42411764705882,2019-06-18 02:55:21,1,1,1
17627,2.540771484375,2.008544921875,1.67822265625,0.6488037109375,0.5845947265625,1.072998046875,41.47705882352941,2019-06-18 02:56:25,1,1,1
17628,3.100830078125,1.70166015625,1.330810546875,0.8768310546875,0.4739990234375,0.8446044921875,41.46529411764706,2019-06-18 02:57:29,1,1,1
17629,2.442626953125,2.305419921875,1.1767578125,0.7691650390625,0.471435546875,0.9134521484375,41.49176470588235,2019-06-18 03:00:44,1,1,1
17630,2.0859375,1.487060546875,1.217529296875,0.6697998046875,0.4215087890625,1.060791015625,41.50058823529412,2019-06-18 03:01:50,1,1,1
17631,2.33837890625,1.8662109375,1.44287109375,0.673095703125,0.5771484375,1.1754150390625,41.49764705882353,2019-06-18 03:02:55,1,1,1
17632,3.152587890625,1.84130859375,1.295654296875,0.733154296875,0.5400390625,1.1298828125,41.512352941176474,2019-06-18 03:03:57,1,1,1
17633,3.026611328125,2.05419921875,0.88720703125,0.7677001953125,0.52783203125,0.99609375,41.538823529411765,2019-06-18 03:05:02,1,1,1
17634,2.378662109375,3.18310546875,0.99267578125,0.6702880859375,0.7205810546875,1.0941162109375,41.55352941176471,2019-06-18 03:06:08,1,1,1
17635,2.670654296875,1.207275390625,1.21435546875,0.656494140625,0.4569091796875,1.110595703125,41.53,2019-06-18 03:10:26,1,1,1
17636,2.654296875,1.749267578125,1.58544921875,0.80859375,0.5150146484375,1.0006103515625,41.494705882352946,2019-06-18 03:11:34,1,1,1
17637,2.603759765625,2.218505859375,1.4580078125,0.7427978515625,0.6082763671875,1.04736328125,41.485882352941175,2019-06-18 03:12:37,1,1,1
17638,2.1884765625,1.960693359375,1.43310546875,0.6007080078125,0.48095703125,1.1500244140625,41.43294117647059,2019-06-18 03:13:43,1,1,1
17639,2.4501953125,2.77783203125,0.9580078125,0.6676025390625,0.697265625,1.06689453125,41.39176470588235,2019-06-18 03:14:44,1,1,1
17640,2.1904296875,1.462890625,1.110595703125,0.6146240234375,0.47216796875,1.10546875,41.353529411764704,2019-06-18 03:17:59,1,1,1
17641,2.813720703125,2.193115234375,1.38134765625,0.7626953125,0.587158203125,1.197021484375,41.353529411764704,2019-06-18 03:19:04,1,1,1
17642,2.361572265625,3.241455078125,0.868408203125,0.58837890625,0.79541015625,1.1395263671875,41.35058823529412,2019-06-18 03:20:12,1,1,1
17643,2.30419921875,1.628662109375,1.446533203125,0.708984375,0.5562744140625,0.997314453125,41.31823529411765,2019-06-18 03:21:14,1,1,1
17644,2.755126953125,2.61279296875,1.1728515625,0.7186279296875,0.7637939453125,1.0555419921875,41.321176470588235,2019-06-18 03:22:17,1,1,1
17645,2.8125,2.7080078125,1.083740234375,0.72119140625,0.538330078125,0.93896484375,41.34470588235294,2019-06-18 03:23:22,1,1,1
17646,2.134765625,2.44140625,1.126708984375,0.5875244140625,0.676025390625,0.986328125,41.33,2019-06-18 03:24:27,1,1,1
17647,2.362548828125,2.978271484375,0.937744140625,0.760986328125,0.6500244140625,1.1143798828125,41.34764705882353,2019-06-18 03:25:33,1,1,1
17648,3.6259765625,2.73095703125,1.259521484375,0.846435546875,0.560791015625,1.14013671875,41.353529411764704,2019-06-18 03:26:38,1,1,1
17649,2.2333984375,2.805419921875,1.2392578125,0.560791015625,0.5670166015625,1.1044921875,41.37705882352941,2019-06-18 03:27:44,1,1,1
17650,3.273681640625,2.549072265625,0.908935546875,0.834716796875,0.675048828125,0.9957275390625,41.38,2019-06-18 03:28:48,1,1,1
17651,2.837646484375,2.40869140625,0.931884765625,0.7774658203125,0.49755859375,0.955810546875,41.38,2019-06-18 03:29:50,1,1,1
17652,2.61865234375,3.221435546875,1.025634765625,0.7762451171875,0.6275634765625,0.9705810546875,41.43294117647059,2019-06-18 03:30:56,1,1,1
17653,2.931640625,2.293701171875,1.0146484375,0.7447509765625,0.6427001953125,1.0155029296875,41.447647058823534,2019-06-18 03:32:03,1,1,1
17654,2.7255859375,1.85205078125,1.182861328125,0.62353515625,0.4937744140625,1.056396484375,41.44470588235294,2019-06-18 03:33:04,1,1,1
17655,2.795166015625,2.020263671875,1.298583984375,0.8336181640625,0.56591796875,0.90185546875,41.45058823529412,2019-06-18 03:34:10,1,1,1
17656,2.502685546875,2.622802734375,1.04248046875,0.782958984375,0.6165771484375,0.95654296875,41.459411764705884,2019-06-18 03:35:15,1,1,1
17657,2.8857421875,2.0498046875,1.2685546875,0.70703125,0.4915771484375,0.9561767578125,41.45058823529412,2019-06-18 03:36:19,1,1,1
17658,2.422607421875,2.8349609375,1.18310546875,0.6959228515625,0.70849609375,1.0234375,41.447647058823534,2019-06-18 03:37:25,1,1,1
17659,2.749755859375,2.15576171875,0.92919921875,0.6966552734375,0.5860595703125,1.005126953125,41.459411764705884,2019-06-18 03:38:28,1,1,1
17660,3.1044921875,1.973388671875,1.15185546875,0.813720703125,0.4779052734375,0.990966796875,41.506470588235295,2019-06-18 03:43:52,1,1,1
17661,2.837646484375,1.853515625,1.362548828125,0.752685546875,0.4542236328125,1.112548828125,41.480000000000004,2019-06-18 03:45:01,1,1,1
17662,2.904052734375,2.235107421875,1.15087890625,0.6700439453125,0.5172119140625,1.018310546875,41.453529411764706,2019-06-18 03:46:02,1,1,1
17663,2.163818359375,2.0859375,1.09326171875,0.614501953125,0.6297607421875,0.9832763671875,41.41529411764706,2019-06-18 03:47:06,1,1,1
17664,2.576171875,1.679443359375,1.23095703125,0.92431640625,0.6361083984375,1.0364990234375,41.37705882352941,2019-06-18 03:48:10,1,1,1
17665,1.913818359375,2.000244140625,1.44677734375,0.649169921875,0.4810791015625,0.9718017578125,41.34764705882353,2019-06-18 03:49:15,1,1,1
17666,2.7392578125,1.733642578125,1.473876953125,0.7120361328125,0.491943359375,1.131591796875,41.31823529411765,2019-06-18 03:50:20,1,1,1
17667,2.892333984375,1.076904296875,1.0693359375,0.84228515625,0.3021240234375,1.1021728515625,41.31823529411765,2019-06-18 03:51:28,1,1,1
17668,3.123291015625,2.24853515625,1.5478515625,0.6815185546875,0.535888671875,1.1123046875,41.33294117647059,2019-06-18 03:52:30,1,1,1
17669,1.5244140625,1.219482421875,1.24169921875,0.505126953125,0.4071044921875,0.994140625,41.27411764705882,2019-06-18 03:53:36,1,1,1
17670,2.175537109375,3.174072265625,0.930908203125,0.578125,0.8055419921875,0.962890625,41.26529411764706,2019-06-18 03:54:39,1,1,1
17671,1.947509765625,1.641845703125,1.2978515625,0.55615234375,0.4388427734375,1.0634765625,41.256470588235295,2019-06-18 03:55:45,1,1,1
17672,2.89404296875,1.781494140625,1.258544921875,0.9012451171875,0.49365234375,0.9652099609375,41.235882352941175,2019-06-18 03:56:48,1,1,1
17673,3.213134765625,1.291259765625,1.304443359375,0.87109375,0.4356689453125,1.192626953125,41.224117647058826,2019-06-18 03:57:54,1,1,1
17674,2.186767578125,2.26123046875,0.428955078125,0.6021728515625,0.6065673828125,0.916259765625,41.23294117647059,2019-06-18 03:58:58,1,1,1
17675,3.389404296875,2.5927734375,1.275146484375,1.0260009765625,0.727294921875,0.9742431640625,41.268235294117645,2019-06-18 04:00:04,1,1,1
17676,3.23193359375,1.9130859375,1.3955078125,0.83984375,0.593017578125,1.0384521484375,41.309411764705885,2019-06-18 04:01:08,1,1,1
17677,2.228515625,3.3173828125,0.8671875,0.5950927734375,0.767822265625,1.042236328125,41.321176470588235,2019-06-18 04:02:13,1,1,1
17678,2.5888671875,3.357177734375,1.3017578125,0.758544921875,0.6563720703125,0.9183349609375,41.368235294117646,2019-06-18 04:03:16,1,1,1
17679,2.699462890625,2.100830078125,1.3662109375,0.8544921875,0.590087890625,0.9317626953125,41.400588235294116,2019-06-18 04:04:22,1,1,1
17680,2.967041015625,2.321044921875,1.433837890625,0.826904296875,0.6844482421875,1.1080322265625,41.39764705882353,2019-06-18 04:07:37,1,1,1
17681,3.16064453125,2.46484375,1.227294921875,0.8336181640625,0.5513916015625,1.1075439453125,41.394705882352945,2019-06-18 04:08:40,1,1,1
17682,1.932373046875,1.603515625,1.15576171875,0.6552734375,0.4556884765625,0.89599609375,41.400588235294116,2019-06-18 04:09:46,1,1,1
17683,2.162841796875,2.21240234375,1.12451171875,0.6639404296875,0.5362548828125,0.9835205078125,41.37705882352941,2019-06-18 04:10:49,1,1,1
17684,2.1044921875,2.1064453125,1.239013671875,0.4896240234375,0.5347900390625,1.0335693359375,41.38,2019-06-18 04:11:54,1,1,1
17685,2.444580078125,1.869873046875,1.05224609375,0.707763671875,0.578857421875,0.9940185546875,41.37705882352941,2019-06-18 04:13:00,1,1,1
17686,3.064697265625,2.038330078125,0.995361328125,0.8218994140625,0.5999755859375,0.9969482421875,41.35941176470588,2019-06-18 04:14:03,1,1,1
17687,3.63916015625,1.360107421875,1.25146484375,0.7796630859375,0.43310546875,0.972412109375,41.33,2019-06-18 04:15:09,1,1,1
17688,3.0927734375,2.915283203125,1.343017578125,0.840576171875,0.7388916015625,1.0679931640625,41.32705882352941,2019-06-18 04:16:14,1,1,1
17689,3.41748046875,1.765380859375,1.408447265625,0.9720458984375,0.517333984375,0.9417724609375,41.30647058823529,2019-06-18 04:18:22,1,1,1
17690,2.300537109375,3.116455078125,0.604248046875,0.6148681640625,0.76416015625,1.021484375,41.30647058823529,2019-06-18 04:19:27,1,1,1
17691,3.056640625,2.933837890625,1.0712890625,0.948974609375,0.9013671875,1.114990234375,41.29470588235294,2019-06-18 04:21:37,1,1,1
17692,3.078857421875,2.16259765625,1.015625,0.7147216796875,0.584228515625,0.9039306640625,41.30647058823529,2019-06-18 04:23:48,1,1,1
17693,3.02587890625,1.931640625,1.105712890625,0.9117431640625,0.5089111328125,1.039306640625,41.32411764705883,2019-06-18 04:24:51,1,1,1
17694,3.3427734375,2.165771484375,1.232177734375,0.858642578125,0.5732421875,1.0604248046875,41.309411764705885,2019-06-18 04:25:57,1,1,1
17695,2.655029296875,2.252197265625,1.035888671875,0.8193359375,0.65673828125,1.1905517578125,41.34764705882353,2019-06-18 04:27:01,1,1,1
17696,3.2119140625,2.240966796875,1.48095703125,0.78173828125,0.5137939453125,1.1134033203125,41.394705882352945,2019-06-18 04:31:19,1,1,1
17697,2.67333984375,2.07177734375,1.217041015625,0.815185546875,0.6136474609375,1.1219482421875,41.400588235294116,2019-06-18 04:35:38,1,1,1
17698,2.71875,2.005126953125,1.203369140625,0.664794921875,0.6092529296875,0.972900390625,41.400588235294116,2019-06-18 04:36:43,1,1,1
17699,2.8115234375,1.84326171875,1.138671875,0.9462890625,0.6512451171875,0.9454345703125,41.38588235294118,2019-06-18 04:37:47,1,1,1
17700,3.15869140625,3.2001953125,1.265625,0.78076171875,0.7452392578125,1.10546875,41.388823529411766,2019-06-18 04:38:55,1,1,1
17701,2.532958984375,1.723876953125,1.310302734375,0.676513671875,0.4832763671875,1.0263671875,41.35941176470588,2019-06-18 04:39:59,1,1,1
17702,3.703369140625,1.44384765625,1.394287109375,0.8997802734375,0.4310302734375,1.02099609375,41.33882352941177,2019-06-18 04:41:02,1,1,1
17703,2.41064453125,2.010986328125,1.11767578125,0.7125244140625,0.5538330078125,0.9127197265625,41.36235294117647,2019-06-18 04:42:06,1,1,1
17704,1.98779296875,2.964111328125,0.915771484375,0.532470703125,0.832763671875,1.00537109375,41.33294117647059,2019-06-18 04:45:23,1,1,1
17705,2.3291015625,2.979736328125,1.48876953125,0.67578125,0.6435546875,1.0599365234375,41.35058823529412,2019-06-18 04:46:25,1,1,1
17706,2.9267578125,2.145751953125,1.410888671875,0.6773681640625,0.5252685546875,1.0997314453125,41.29470588235294,2019-06-18 04:47:32,1,1,1
17707,2.21826171875,1.54736328125,1.382568359375,0.7384033203125,0.4072265625,1.1219482421875,41.28294117647059,2019-06-18 04:50:44,1,1,1
17708,1.89599609375,2.576416015625,1.389892578125,0.5521240234375,0.6031494140625,1.0340576171875,41.27411764705882,2019-06-18 04:52:54,1,1,1
17709,2.829345703125,1.75537109375,1.286865234375,0.750244140625,0.5079345703125,1.0037841796875,41.25941176470588,2019-06-18 04:53:58,1,1,1
17710,2.417236328125,1.829345703125,0.98876953125,0.574951171875,0.60107421875,1.115478515625,41.27117647058824,2019-06-18 04:55:03,1,1,1
17711,2.839111328125,3.176025390625,1.520263671875,0.778076171875,0.7119140625,1.040771484375,41.28,2019-06-18 04:56:08,1,1,1
17712,3.157470703125,1.8330078125,1.060791015625,0.7913818359375,0.4638671875,1.0166015625,41.28294117647059,2019-06-18 04:57:12,1,1,1
17713,3.12841796875,1.897705078125,1.324951171875,0.7376708984375,0.4647216796875,0.9490966796875,41.26529411764706,2019-06-18 04:58:19,1,1,1
17714,3.037109375,2.542236328125,1.462646484375,0.6981201171875,0.5074462890625,1.0196533203125,41.24764705882353,2019-06-18 04:59:21,1,1,1
17715,3.144287109375,2.0048828125,0.602783203125,0.6815185546875,0.69091796875,1.027587890625,41.28294117647059,2019-06-18 05:00:28,1,1,1
17716,2.12890625,2.43115234375,1.05810546875,0.4610595703125,0.6474609375,0.9583740234375,41.262352941176474,2019-06-18 05:01:31,1,1,1
17717,2.679443359375,2.2470703125,1.140869140625,0.7696533203125,0.62744140625,1.0565185546875,41.25058823529412,2019-06-18 05:02:37,1,1,1
17718,2.063232421875,2.325927734375,1.320556640625,0.6937255859375,0.4884033203125,1.0911865234375,41.277058823529416,2019-06-18 05:03:40,1,1,1